W | reenter 1sd | hold 4h,W | reenter 1sd | hold 1s,W | reenter 2sd | hold 4h,W | reenter 2sd | hold 1s,W | breakout 1sd | hold 4h,W | breakout 1sd | hold 1s,W | reenter 1sd | recent TEMAxEMA cross | hold 4h,W | reenter 1sd | recent TEMAxEMA cross | hold 1s,M | reenter 1sd | hold 4h,M | reenter 1sd | hold 1s,M | reenter 2sd | hold 4h,M | reenter 2sd | hold 1s,M | breakout 1sd | hold 4h,M | breakout 1sd | hold 1s,M | reenter 1sd | recent TEMAxEMA cross | hold 4h,M | reenter 1sd | recent TEMAxEMA cross | hold 1s,Q | reenter 1sd | hold 4h,Q | reenter 1sd | hold 1s,Q | reenter 2sd | hold 4h,Q | reenter 2sd | hold 1s,Q | breakout 1sd | hold 4h,Q | breakout 1sd | hold 1s,Q | reenter 1sd | recent TEMAxEMA cross | hold 4h,Q | reenter 1sd | recent TEMAxEMA cross | hold 1s
-1.44107154767811,0.9953119563532591,-2.3089656732668233,0.562253737061689,-2.3978620374743285,-0.2688032529203872,0.6941620877388627,1.1971339901883395,-2.656488981772231,-2.8823787804837244,-3.5055851688009056,-3.325775933319657,-0.7920465077650641,1.3764640255323866,-1.4011760091114356,-2.511214492893253,-3.1747188101109516,-3.2786235053400783,-1.4332294369476062,-2.8778523270634677,-0.5455248956001356,0.5888731812456723,-0.785275856485422,-2.2065450223918046
-1.797124715604944,-1.6910607453276736,-0.2891675334917569,-0.5686712718289331,-2.505386746912055,0.9386139549638982,0.16572721091390888,0.022314136785015985,-1.9193203448091722,-2.0894995395611127,-1.4135491805417766,-2.207599549887872,-0.9964070342112366,1.4414537217737105,-1.1463017505919386,-0.23145804532779743,-1.736680145586997,-0.9495852924628179,-2.23563386577321,-1.0920338130391698,-1.197605459783663,0.5403564007983186,-0.7389371984528362,-1.039432124592184
-0.44952675887937493,-0.25317388966819715,1.1588585792195751,0.33559140131266724,-1.3839944593551565,-0.12959666532272815,1.760099556086239,0.8972599821760325,-1.4774655238764105,-2.1912897685532564,-0.3535433527602664,-1.6717559099163506,0.09986301539649055,1.5662034437957966,-0.968146042378898,-1.8828684423114523,-1.7353413880894006,-1.4803350436203604,-0.6293094456244427,-2.575630181401987,0.14049654200429215,1.1014313115333891,-1.4704763542418182,-1.6068460057240943
-1.7267295507891625,-0.5288301870079841,-2.3333746592207363,-0.7749837667986567,-0.29406501540059243,-0.12423824915918837,-0.3428656340608424,-0.49590212987784227,-2.7968362271752487,-2.727280372662881,-3.686201379221258,-2.8363396182701437,-0.3944201177273022,2.305274723529089,-0.7494411882378668,-1.5120522387083268,-1.4131694710549054,-2.1315458048112514,-3.2062279744142566,-3.317278705828585,0.1679974393366135,2.2381470485804744,-0.4681737957047259,-1.7788720000288099
-1.6521799871980454,-1.0791494582869634,-1.0364186516376215,0.050255747131859804,-2.078957062799039,-2.1947244313626255,-0.1038933359540173,-0.5121166955089548,-1.2941337524059349,-2.3606462166020274,-1.9415971599801465,-2.0176604194290624,-0.19096558133776895,0.5501102523795856,0.1924009674433405,-0.6826440963181849,-1.868678819439544,-1.9209033043083996,-1.534479092482895,-4.118320251648051,0.08409198975822463,1.1365868273131547,-0.06698662609482943,-1.3381266013672046
-2.510529697922156,-0.925661882601367,-2.1885486449214016,-1.3359758886123139,-3.6992798398157776,0.989501899489396,-0.705654162505811,-0.37679345837188244,-2.0622102771650237,-2.9577602230186537,-1.2444117675672088,-0.9136590111555428,-1.4827076237204655,1.779244644484255,-1.944711469547646,-1.7229550842354018,-0.3840438712115079,-0.8065278307086228,-2.3223112568964157,-1.2805443229363624,-1.6138080237675871,-0.046339596038070203,0.7998617265391644,-0.09249454284478029
-0.8968384527919879,-0.8679794273714708,-0.22400367990746947,-0.07096443600447254,-1.3475018561255478,-0.8467362443257449,2.2182376157523502,1.0484104637437381,-3.790252562596512,-2.6457930200508155,-3.011488764785593,-3.0332529901959178,0.1493673119517864,0.9740472531648663,-1.9200999916376371,-1.3662595216068738,-3.272697557985697,-2.1449611074353854,-1.332758311340346,-2.0985203205480443,0.5396285126601018,1.0595405352557412,-2.150406754489344,-1.0348998142311576
-1.2270382226916905,0.813418528245632,-1.2099270177784165,-1.600864556987965,-2.4191324688184164,-0.8496881329120579,-0.24409608216797082,0.5355604763167442,-2.0548818212805386,-0.9988636714372107,-3.1647350891147124,-3.5957951385944407,-0.400304105785167,0.7856056796466241,-0.4037672044133733,-1.3797050353618265,-2.842459330945767,-1.9118024780823921,-1.8593652212356173,-2.017045631698166,0.20558271378993878,1.2067198467307243,-1.427415245256579,-1.7964680923645109
-3.5616335522237645,-0.09466450532325829,-1.6318748671314525,-0.08658625892531407,-2.9024569780291425,-1.810581349784257,-0.3503057940367871,0.5083234573662484,-3.4805327249593816,-2.13947712626384,-2.773706843441612,-2.544583044971702,-2.327749414816465,1.3549110890798979,-2.1108206809050714,-2.2467060541282233,-3.0967691320569095,-1.6296310185707263,-2.461828551816007,-2.880377017112346,-1.2381336997786416,-0.09098551255968951,-0.47064751289139917,-0.7809502358033991
-2.8325157841769695,-2.5559610483963233,-0.3709522669064408,-0.8477616801426215,-0.01371904141496897,0.0846618673819985,0.3675508965259829,-0.5309361530177561,-2.154155819817604,-0.8401476010536848,-1.7593226476190953,-1.0694695160141268,-0.727922964200753,-0.38371126747071055,-1.8345309950866102,-1.3017959251568092,-1.4334581465742962,-1.9689755694852964,-1.6990461078636354,-3.646007834418093,0.7641406485347748,0.8845862611721927,-1.2239157805562426,-1.4944914493605843
-0.015573950435624104,0.5672516659448771,-0.5557185935605577,0.3804079673010023,-2.2863482641861546,-1.4698980871611835,1.5997211447986606,0.13272118298056756,-1.478826728342689,-2.726570940571499,-0.8903412129697671,-1.7155102361056862,-0.5631495548749831,1.135740360269768,0.6894984452355177,-2.10329953444315,-1.4311496539993473,-1.438169645991621,-1.0747353732828286,-2.1005779129636823,-0.7547794411927682,1.6045806933970548,0.20656419034866655,-1.6565899853009893
-2.8574269815987146,-2.541681257264867,-1.1166098867477254,-1.8624902688540004,-2.7348689865820583,1.6843302095732327,-0.7083129689246412,-0.5289419878492487,-3.0883053946189314,-2.5603399684365145,-2.5058028602843536,-2.1738918548145945,-2.174109136929893,0.864669422220398,-2.897183400986317,-2.2428788292401847,-3.2509873316532456,-1.0399383613455,-2.115674007041458,-3.0401089668824497,-1.5188498591063466,0.2704360358971539,-2.9329670324646697,-1.3722920425599436
-1.4559947395112196,0.5729306040990082,0.03804471196472758,-1.136816030019158,-1.0545463582883043,-0.39662969382222096,1.1947204940609015,0.9234182487781577,-3.40197182967868,-2.5212884244024747,-3.6736818515512737,-3.7948722011835834,-1.4378098445275227,1.0523080138541694,-1.2265637943482188,-1.2269845600253837,-1.4700385285360074,-0.65983000764874,-2.054804648624264,-2.777434910597584,-2.15686256585653,-0.5742478038534675,-0.2322356270191081,0.18686637450236268
-2.6350166269525177,-3.432153518912098,-1.121842643675054,-2.361555888099118,-0.722887142292873,1.0252908408180597,-1.0962405992602309,-0.8336913246034086,-0.9486379535140728,-1.0120283099610972,0.06515057164404922,-1.2908751833415968,-2.0980457373895045,-0.9067016010043208,-1.8949057915641991,-0.5552366775185195,-2.5651291838511594,-2.3603139194546547,1.4560739071089053,-1.2573659630870264,-0.6516810979193338,0.7284708393260263,-2.6216623850658154,-0.36873155783001466
-1.7128093028882347,-1.0289253986483042,-1.9558841276634225,-1.415816839147827,-1.9429933316791865,0.7636703322772491,-1.0629928135951094,-0.9729309690049213,-2.1121540415418796,-2.6396219214394185,-2.6346442615920243,-3.196620495816139,-1.0667214905009472,1.4280453723758406,-1.6514894147834727,-1.9142077812286513,-2.455416931237514,-1.689565434053057,-2.915145586485206,-2.697640200718974,-1.2412864246746587,1.2200992818061005,-1.4371013054041817,-1.4530335393627598
-1.379646350267252,0.8684012778327447,0.27390976855754634,1.1080491628497466,-3.204250137918072,-1.8623867256433435,-1.8306898088276333,1.6177697460014095,-3.01197360106532,-0.20370496599426322,-0.727448276200235,-1.973439505185572,0.1452725099570859,0.3648882681732527,-4.309698673442786,0.6810910677084864,-1.6068962242665237,-0.8224872282513417,-1.3598808979665937,-1.89713360770549,-0.1606400160297617,1.6158479983711338,-1.89808204689682,-0.026448732742679552
0.10691016115479055,0.32126419981491544,-1.3134285863686395,-1.304633789400255,-1.9833046645915489,-0.338698508167698,0.8802640223855909,-1.8818615123540836,-1.7284266132513333,-1.3104814176992552,-2.0622487248402623,-1.4829825312254368,-0.7242971132348369,0.5137743922692661,-0.9267586326290527,-1.2425703829650498,-2.5714444537911563,-2.320884463708078,-0.6689682401218434,-1.1643118326605877,0.9116547640231466,1.4883452947041458,-0.32828107138815416,-2.06566398259998
-1.558274600104065,0.6386351926511773,-1.3754139899755276,-1.9835144134358131,-1.1894111084391013,-0.23708619856326069,0.3375262409088526,0.10727077699088289,-1.9483722692298528,-1.3175743699006162,-2.833422141414059,-2.6489291253801395,-1.0832715121068734,0.6541559684202345,-2.156354306322961,-0.601819280440807,-3.443249762428425,-1.1538120246941412,-1.448082164527057,-2.6796298243664607,-0.38360265061440596,0.4807133068834356,-3.4585348282174793,-1.701190987548363
-3.283115853766856,-1.3314888043225228,-2.2573041061292343,-3.877774703005497,-0.31813658177349363,1.1007454219481079,-0.7825775033899597,-0.8180639761022489,-3.9986758510194984,-1.8609210003007375,-3.089367699268521,-3.9673176666531678,-0.14816828234530494,1.062940589443143,-2.4051655296685186,-0.8297081379313895,-1.4360193792269633,0.4274631277331515,-3.2975050198926414,-3.387787751570221,-2.1960122916217952,-0.7486874132297083,-0.5209095325792421,1.4251051270044899
-0.09101779483869674,0.8319242349163873,-0.024273818930205072,-0.18434656609595249,-2.34642069476186,-1.1533090472063905,1.7216813887082794,0.9572587457272415,-1.4502332323491947,-1.4897816277171385,-1.9549347365871252,-2.969225495901245,-0.8030070564144547,-0.289670451761097,-2.9588916781213337,-2.415974556940232,0.5038359825887885,-0.44714027859324257,-0.7368390660500465,-2.063804695764611,-0.3034381899068735,0.7055258328696922,-0.9597587978743927,-1.0014266420413247
-4.370400819729968,-1.6685372846870419,-3.459708457842306,-2.3217265245695335,-1.7024514428378157,0.10639099669808759,-1.7551647953916172,-0.7236789641708733,-4.125609809262422,-3.750265468456835,-2.3829067988378676,-2.9180882979367473,-0.1145029861249871,1.3968643476999667,-2.1194173800094154,-2.2107790669819978,-4.295310885633511,-2.210324803214976,-2.32972764146954,-3.8676301561866637,-1.7959801923447059,0.7995050961428666,-1.5597408556290986,-2.3936037978594373
-2.369047704120075,-2.045623279051014,-1.2249136325787664,-0.9760277915835898,-2.5374735793327123,0.22542690164176726,0.24450061710092455,-0.6179876438748568,-3.974770341681069,-2.5948386763180533,-1.455867500962495,-2.3995880533306524,1.4012766074396958,2.2564784357518013,-1.5376747541326892,-1.3063160064152688,-3.660217408561725,-2.260548547605235,-2.9266973852977554,-3.4944101814447808,-0.04867606725594291,2.41464410503497,-0.46397634640098095,-1.3049795725811524
-2.374738686900204,-0.7618540684157792,-2.652120190318029,-0.4930990481660564,-2.3723420749307125,-0.36036425424158985,0.41387818507351104,0.9337351510988425,-2.1960812215332703,-2.6670664253165897,-2.1194541053419873,-3.0013844154441087,-0.46076139687872963,1.396914221967451,-1.0065701042994128,-1.5267829663756005,-2.5070462881601308,-2.7010005828950603,-1.1297232272101143,-3.067377835287915,-0.4262550968173336,1.2795645102611046,-2.4597562222743248,-1.7354103938617989
-1.7365799972798996,-0.4983963213090471,-2.8654327041475653,-1.626164204395033,-1.6396581716676704,-1.2586642351277397,-0.27670752604351534,0.27901657603447544,-0.9009293892873222,-0.90957438249713,-1.6234291623907569,-2.9677062536071643,-0.02643758961445505,1.2549069359119072,-1.1181617242461963,-0.2517096251480275,-3.2681541573527,-2.4252194421628306,-1.177073121852776,-3.044041805879026,-0.8594094848553778,1.2560435607758533,-2.81107045213125,-1.2587514856599493
-0.4966544118030682,0.31020616513829863,0.47319804024257156,-0.049090568621699325,-2.8753467381318503,-1.132350410408593,1.3859569934257228,0.8069240885912783,-3.1340523852505537,-1.703966269149187,-1.0167799764349383,-2.0407931279020475,-1.734697261871664,-0.290820609093108,-1.3281664678063645,-1.7926959028541762,-1.609563581221772,-1.443513725092275,-2.665887342349979,-2.65133517655304,-1.3544077518598214,-0.1825126298180976,-0.02393427923078778,-0.4123396144067448
-1.5155564469529819,-1.2165834097076373,0.01657707210959459,1.2774447226635481,-2.438923604892368,-0.14151181660015186,-0.7413890553909436,-0.7704912691090464,-2.1952273703655227,-1.9739224814972465,-2.613775761626382,-1.657379582964018,-0.11354737428225718,1.5284265257298122,-2.246466777182379,-2.319525039626255,-1.0268259182372883,-0.32462611420866516,-1.6871861132267922,-1.6350694025349455,-0.5969166205227049,-0.4456010155764995,-0.5374308273123581,0.3962355065151816
-2.3919540025482857,-1.025774992942438,-1.726504515264414,0.7141503777213243,-2.1669149420049805,-0.4993797836643705,-0.3651955011599592,1.0867260298028096,-4.249981110745524,-2.198458404514652,-1.975342541060562,-1.12628745047746,-0.7180094446762444,0.3182731655182925,-1.344317944795446,-1.275071079419069,-3.708238600609377,-2.4449866957204853,-2.610284057832407,-3.030853416660413,1.0523227581122738,1.927075479820097,-1.0375876497200962,-1.2251323195624126
-0.2600251833049206,-0.4698662768408036,-1.3115766255555528,0.11727146511795708,-2.895250348686135,-0.1687894378947472,0.6711344382003235,-0.20853631201510903,-0.9443928688737708,-3.197473546976606,-1.3372213670754887,-1.5475803118486404,-1.7468522178767116,1.885503219476326,-2.2829993925708116,-3.3781456031317325,-3.336577809408753,-3.408630972853122,-2.1286198171302404,-3.1517207507308966,-1.1950681026378107,2.6333476205900825,-1.2891355785313576,-0.7306323254913236
-1.8530746757794698,-0.840335860312234,-2.2094723500688156,-1.376748481061598,0.1023536798854899,0.5895555494049368,-1.9273254108950941,0.06165636593067299,-0.4158097964099077,-1.7782910658458577,-0.33571847967755764,-2.732797361451439,-4.516593674197031,-0.6925174901567674,-0.8411625598013358,-1.755435170699055,-2.2784992130648565,-1.5709227378289907,-1.0993940668502418,-2.2534721965208915,-1.6821510169360028,-0.6799654938918944,-1.4084169755810583,-1.0445486037421283
-1.2998667790138452,0.3091362569963494,-1.3505895038494378,-1.278100511912091,-2.0141735524599773,-0.8885388622897057,-0.49614918857638746,0.8905005344596592,-3.087128949265191,-2.6071022105215182,-1.6114240681029055,-2.5365855827783848,-0.6373136315229145,0.6297177859867776,-2.127996881893377,-2.6340125391710663,-1.1322466837862397,-2.5779398309278543,-3.306615923677039,-2.7812205296159016,0.057000803218121864,1.8187024146195652,-0.3009343600644474,-0.9428701249219067
-1.6820052063611948,-1.8208812418541553,-2.578417678845233,-0.5705000378035386,-0.812039446775981,0.26150730976720016,-1.0152349837966785,-0.9415283959967227,-3.1947914948154974,-3.0197796820916416,-1.898796872980376,-2.179451803877504,-0.5941904388983419,1.2336452198009598,-1.935152353886495,-2.4050790399497823,-0.18498866415083395,-1.5601923358212686,-1.0254747580124135,-2.0262974885928293,-1.845606035323822,0.5098477122734093,-0.1971093484449808,-1.1437354453758533
-1.9824986514261236,0.7662471878975736,-1.4757776594863434,0.7384383712377538,-0.711383494240403,-0.9439161556130008,-0.006498190180647144,0.25646242376671435,-2.6733272414699734,-2.5912581774300816,-1.9699409814502904,-1.7113400377154122,-1.2411820410636025,1.774184450009362,-1.1469822072451152,-1.4127770553113006,-0.9134108559011842,-0.9026290999056479,-2.330967422255171,-2.278618794336763,-0.12243881662962817,1.3844111167601527,-0.1901270674049993,0.09620207549680229
-1.26412096023538,0.023283555881533344,-0.6771640584508015,0.7128694732653452,-3.329132615188266,-1.0000665721321047,-1.3650745163932403,-0.18669410382025822,-2.9945898847437467,-1.8807798022900024,-1.8592979296313987,-2.2459341095656966,-1.0108082746790403,0.30588920087882476,-2.973247965982872,-2.2547960907333455,-1.5768485001474024,0.9086860641507557,-2.4469491448675327,-1.889444083589703,-1.662117198229799,-2.186043727140374,-2.429486208093402,-0.34955098772978077
-0.824756103159904,-1.373819118110362,0.06020309246107819,-1.0460175158762728,-1.6660898292240731,-0.6554460626007633,0.5903803642816928,-0.6024402118850207,-1.7375204477527972,-2.151250524682807,-1.060974756351609,-2.2161941460992343,-1.2421941752411132,1.067889552650916,-2.1623529402561843,-1.883295221896135,-2.3853980377014934,-2.7894409922379153,-2.3718772484531576,-2.057100849399484,0.09765813684975236,1.0392267916761146,-0.44551164869413884,-0.6251601683232759
-0.2722878719516258,0.5703302155625738,0.24123745819093373,0.697797115403407,-2.081248324918994,-2.2865852782780505,0.6076923337280312,0.6946161256080788,-3.104677712563036,-3.069549232480217,-0.8374097932939356,-2.3413903991649425,0.3792948645177911,1.8083622272142243,-0.5964981980360533,-0.3928901065714959,-2.0779551229449886,-1.087083556307394,-2.782317284460217,-2.4369044600831393,0.5247855877133217,0.8599043674250387,-0.02141818870905911,0.5331699509754083
-1.7946591655896875,-1.1251539767022696,-1.5698703629042585,-0.553884173927926,-2.031763044475,-0.891127833172903,0.6870174536196703,-0.139516041419748,-3.1782340623597816,-1.9849410836008416,-2.794238612769472,-2.8194221401836628,0.6771490897308994,0.30982759529544934,-0.8860144967904005,-1.066452141667478,-3.3397344068031507,-1.772009620178458,-1.318383102444816,-2.1923757617468236,-1.3517139075087712,0.6613814686140501,0.2836201554489537,-0.22878470906090004
-3.812263502070322,-1.5482261324802038,-2.457266450225783,-1.8550147851713514,-2.290957163754259,0.6619954019732264,-0.9550866845692567,-2.66854687709775,-2.414826525940686,-2.609310579843266,-2.109237505481513,-2.53024634615371,-1.271754609624541,2.054308417809721,-0.6449927509825368,0.08328124443222357,-2.3077434655930156,-2.076435598405043,-2.1489579078656815,-2.6004491677370867,-0.12739270794685412,0.4702114454204147,-1.648627800081017,0.20592516712465167
0.017038291996631517,0.9960966667845028,-1.2578051014873934,-2.5798978476717482,-2.3311433570108293,-0.9627889640955744,0.2825678788425949,2.394812579083733,-0.7962130979015384,-1.8239387001781702,-2.604655367708101,-2.060203068221661,0.13394095931483013,2.1553621938312633,-0.6540338794614868,-1.0228802425477905,-0.5523350968644083,-0.17096303712800046,-2.2687720950224515,-2.2087637071206965,0.8978723997635422,1.1467868732079645,-1.1518886428238448,-0.03852495809793433
-1.6396981139268902,-1.0748630918549178,-2.08690824291487,-0.62316574086175,-2.096163780939722,-1.633015271659421,-1.2818073908504262,-1.762372154716435,-1.9714944351377044,-1.867833148134864,-1.7887137133224493,-1.1177285798214216,-1.658391948766125,-0.23989807550104192,-0.4671075300474968,-0.9490626623389034,-2.3885063604739845,-3.0270222839904593,-1.7621564479028127,-2.8188325624184887,0.03525305511147884,1.248749229779824,-0.5621397740629251,-1.5973154097617155
-2.37079876660972,-1.1639681908884603,-3.133468144069034,-4.16800071694014,-2.0110042013761613,0.9968127629440117,-1.2820238272425026,0.12931338790598704,-3.041245026209217,-2.3946173841359752,-2.2930511846712633,-3.0242772143364873,-1.5525777359341653,0.43298210908880214,-1.643884474779058,-0.20686231531544005,-2.7721225576638644,-1.8288984471856646,-2.9835122522553066,-2.933748842120711,-1.4314051941120738,0.5624699770060699,-0.6210810556662664,-0.033575272654900144
-3.659397703916137,-0.5318834969982457,-3.2524699879048296,-0.009939379150040435,-0.03825429249756687,0.1416481598811329,0.01791462826980099,0.33754627857902214,-2.8756401933170337,-1.9713374722826458,-2.6654314486740067,-1.094739029529981,-0.06180927447743538,0.42907017493573163,-2.1886383288374263,-1.2240470290877319,-1.916919860733635,-0.4920700357849434,-0.9946465885625603,-1.5862168885776116,-0.7354096254390091,0.9725526562123605,-0.9822186130116332,0.5231792092478731
-1.2897524831534115,-1.1944251838501536,-0.9656259331045766,-1.648186010482915,-1.5126100813754606,0.9030547093568269,0.6313243367362306,0.6150080452695308,-3.0766753327716434,-2.7140765414988306,-2.333275690423347,-3.040922696458083,-0.4889935674261996,1.7865304252868506,-1.0968594891226562,-0.04832427812281022,-3.1639259013116776,-2.197047827079475,-1.558370661954587,-1.7299532292817859,-0.0938127506540736,1.0086972701161245,-1.7905082142301307,0.004150385002445289
-1.8569723139884122,-1.1236313441568149,-2.491429703650748,-1.1579546537316368,-1.1990983086246123,-0.6426437554604614,0.35674525044842686,0.47105696043524614,-2.004074885242569,-2.4211503067225726,-1.517829666825705,-2.0852891316506397,-0.8193721596411756,1.8070629189182514,0.8866745743379184,-1.1838156592450941,-1.9478872282893405,-1.8402640191928474,-2.017397594596358,-1.6423067395836004,-0.4875842789209796,0.30009519980118926,-0.662952425763012,-0.4321557828744927
-1.9910341032668555,-1.3675952018634332,-2.516357651287168,-1.895436702674585,-3.384405469136427,0.9179538984745526,1.0128025875352382,0.36728437581355433,-3.0710113464806716,-3.53998818822428,-2.2468013191430574,-1.8030932302255234,-2.1404602601439944,2.1676792991301554,-1.347212981866034,-1.2713878228911846,-3.7431092633972325,-2.5108157689111894,-2.2307731853057984,-2.915581054329554,-0.531395120038862,1.653783591138459,-3.0855249197131536,-2.4186858763071344
-3.0982896970419014,-1.941679561274465,-1.6436556851820217,-1.900241896091145,-2.2146831964015785,-0.5611223268399851,-0.7820738635087916,0.3520021546537384,-2.403263337726505,-3.849216715663883,-3.0949088280878208,-3.376758146821952,1.4829597016988192,2.2104354252518874,-2.4530916891759063,-1.6469787582427584,-2.34434745875965,-1.9815922348278145,-4.062250070223336,-3.2077773969381163,0.01302169936598256,0.8455009645330341,-1.1600814107677273,0.327777947913946
-2.191606829730565,0.0929781528969372,-1.381278120666379,-1.181068911120056,-2.1126714008171885,0.07473174783926201,-1.3127749886536082,0.1228439912140411,-1.933858914303791,-0.11200460309621262,-1.4896944128649656,-1.9840002473693894,-0.7715622244807913,-0.39700928000425295,-0.8472122135682223,-1.3841264090239154,-1.9931300208073193,-0.9425863768200771,-1.9435058324118082,-2.501882791443704,-1.1014333267048637,0.3921642495521202,-0.8376336512284498,0.10142338516897498
-0.6159364623900275,0.020133012036240884,-1.0930726620401512,-1.4571798768540452,-0.8445695275675656,-0.9628741993274177,0.6033587827225196,0.5457342027610662,-2.4101314244210714,-1.0684371014281178,-1.4214310402871162,-1.8162577438729997,-1.9131648012167868,0.14908539269095322,-0.5221959024495466,-1.454141281592099,-2.8427263447433444,-0.5512580105851097,-1.5478030224001282,-2.36493639805628,-0.114628270493275,0.22937687075625585,-1.4386499274783018,1.3270859203699013
-3.859321735048111,-1.4490022638972229,-2.324827095211512,-1.9592300073894962,-2.149140737969518,-0.05351515140327119,-1.3450021435150283,0.04884736596106127,-3.049132884570013,-2.4210520041666372,-2.026135509401477,-3.126265872495001,-1.7689234315610558,0.825470146556874,-4.204031928642656,-1.7999133544355463,-4.28150760181693,-2.9320455001654637,-0.33178755329690734,-1.8162288556563813,-2.5928425350216586,1.1459601296327884,-3.96332727372979,-2.0108289074313483
-2.3470206905313735,-1.910874814101212,-0.8265743241585459,-0.5168625229463581,-2.5771543042791385,0.15314597612460884,-0.15139452987893234,-0.023920483180125747,-2.448858140999718,-3.939672570494633,-3.405418622400492,-1.3723560467165525,-2.4735876787469686,1.1106369408080976,-2.5752028699455494,-1.9247458838709999,-3.870073249505078,-3.204808970046048,-2.605969677124012,-3.279703141726132,-0.5395716399250308,0.8714200814341555,-1.3481999374809406,-0.632662748518068
-0.15082537190151954,0.16025850314648887,0.03445964872112434,-1.1740606357553507,-3.4072006253782456,-1.5366882115555087,-1.2004087283533333,-0.24418067458882206,-2.884001732731705,-1.9511022702453873,-0.5434559826103806,-3.1005148993243234,-1.4097477894660468,1.3668624898264359,-1.090577494389501,-0.8745968897211834,-3.825413619741974,-2.471875020083775,-2.6643614655889065,-4.060529986938417,-0.8426090025127156,0.9012757117679018,-1.7855606783367304,-1.4119802871546776
-1.1634016846794473,0.9977596918532631,-1.281589296265454,-0.16349211465142857,-2.6433433280662344,-1.4255904104803743,-0.30088512198637657,0.8849784979792186,-3.9044064094429736,-3.199391641345688,-2.1720441891444735,-3.084686099328734,0.278191873070519,2.1234002998245787,-1.316637951194452,-0.3145918578582351,-1.2928076440876546,-0.08824099639160875,-3.3960584819672066,-2.913845401770602,-0.2548896622249568,0.19719332228235384,-0.7876713636406604,0.17894987925419023
-1.3584480900155826,-0.15863836115055663,-2.4392479946388987,-2.0182628743540367,-2.588744002277456,-0.2335718598594727,-0.8150883837672387,1.5537518907889485,-3.4632587661316037,-3.7706771682761206,-3.3498049806512173,-4.4526869853391515,-0.8946550137814717,3.2454563782629515,-2.0804948293969434,-1.8759033382132573,-2.728710014432595,-2.336263559427924,-2.3131026283916927,-2.9472125417392676,-0.5811856347368127,1.718625482798441,-1.0284828557423171,0.3045556627094327
-0.9875507494233907,-0.5709368103476032,0.5138787229817622,-0.4812235912999942,-3.4412558781896427,-0.8358677254561337,-0.16399841646427915,0.4233909986996665,-4.213953307513314,-2.865589970798468,-0.5181297172183962,-2.4448583723030906,-0.7337129949337888,2.257261171508963,-3.190464603103075,-3.3792756191366267,-2.542028753230126,-2.382119311034752,-2.2783886907859023,-2.7950369750542343,-1.5889219552009912,1.1232353617536492,-1.7967843430372183,-1.8373133286676637
-2.3746056789715455,-0.23587954167320085,-2.484133025757704,-1.2035140289853472,-0.46341824980059315,-0.21950822188485186,-0.3083469515293302,-0.49693276897038613,-2.882102540398274,-2.3553431760558956,-0.7697632228913313,-0.37574644534014645,-0.19670590823006193,1.8974433139731763,-2.5852377565482447,-1.4413031665382907,-3.2938817512909195,-1.4543238635442302,-4.330953522821097,-2.4370716314335557,0.37695849278817395,1.1249365130448437,-3.4437538187876493,0.09277206748738812
-1.26806893414664,-0.2533835610667257,-0.8440314774314638,0.6685675023359159,-1.4662062561743348,-1.0253371271274343,0.3330185378486781,1.729006361506014,-2.2357860843644097,-3.191330360619598,-3.2885742490817766,-2.0507411278967553,-1.1376126618467337,1.8035216191120012,-1.0052064888005765,-1.2268497766823,-1.9802847740974254,-2.4598277586195922,-2.0303182914570197,-2.8013224454502987,1.4989642518757316,2.328727001107574,-0.36531841040549584,-0.47392465931700306
-3.8678357334848203,-2.104750344974459,-3.1016347405858142,-1.5918748415945705,-1.735738499847357,0.07811003118737685,-1.675318917163768,0.5643982304861775,-4.08061665484865,-2.134726963931454,-2.9036216433755264,-2.562694836577527,-1.5628617605844741,1.4258338901969807,-1.1030635654825738,-0.6968422606695461,-2.7923323528744004,-0.6002292206635507,-2.9060014841172013,-2.456479689348369,-0.8629655036942764,0.9412443226590763,-1.6457884565727563,-0.5188337680156333
-1.5511388507959702,-0.8536725489151614,-2.1443741468377677,-0.5031325193097603,-1.5504622838926432,-0.1513854674536062,0.4668736904872707,1.3959061075566463,-2.809609397923083,-2.049086059226127,-1.8859843664294795,-1.6331534090920699,-0.18665626000451477,1.000469930110401,-1.7490653802786562,-0.906506684129651,-2.352268602583534,-2.444730273904972,-1.2507013402774705,-2.3929288292330786,-0.26927790327293355,1.5712762716100466,-1.357507463232518,-0.6936718129652376
-1.9267959707636113,-0.8810870459707957,-4.086996681580441,-1.8751216072175383,-2.3147058628605888,-0.6944484415517741,-0.46786999351075226,-0.6341858192662087,-2.259296362269685,-2.3618841128505625,-2.8446996102792217,-4.052354695310527,-0.2526354346739984,0.49715153501965803,-0.0013221042007592148,-1.4506356865010992,-1.2064777807436577,-2.0425262281026932,-2.830042726946361,-2.175937544834185,-0.6515182847524797,1.4520145735050556,0.02644193302194737,-1.454595400184847
-1.5680344017869106,0.0530375674521786,-0.04339561419741265,-1.480381287484584,-0.8806702302862388,-0.5118195825011818,1.362278065902115,1.2353406947198537,-2.4016435905258606,-3.980779148960957,-2.985663637058353,-2.7338836620052933,0.5943205705435001,1.8688976151215744,-0.9992082492674609,-1.183365992289979,-2.9397140076662085,-2.577446842745928,-0.7095723869296983,-2.063610309898954,-0.5685562509518639,0.6160085217074379,-2.1385813896779102,-1.7197950077545259
-2.104688856073008,-0.31647779531425846,-2.2764065736777703,-1.8952284309381138,-2.7455552138045802,-1.3790700429071552,-1.2743935158895725,-1.9192900666612345,-2.9132566326144187,-3.7516012438413826,-1.8944143563363398,-2.3245147609388708,-1.8952489576611464,1.6144895076632015,-2.0209891569307556,-2.3424284651765617,-2.8785226175238567,-3.352779998673018,-1.4235352965669688,-2.462510408303807,-0.2826978390268525,1.4901973085703661,-0.9149101820110389,-1.2036456518294465
-3.5541094191467204,-3.5401027570912045,-2.1471908938250865,-3.4624342930834335,-1.0430301527594397,1.3536110456142436,-0.955948881883945,-2.8067663083573007,-2.7439582375128526,-3.698581445892573,-2.839880749049327,-3.2439773676454426,-0.994441917624271,1.6594256440761601,-1.495497941708425,-2.370384522985265,-1.2446146454479359,-1.668586155991747,-2.7842848888049523,-3.320079573811606,-1.6580356552024522,1.1411632668415919,0.4246503255582773,-0.612721657417062
-0.8690118706827838,0.11541519937965611,0.15831858010272085,1.5100206036538075,-1.525463038446374,-0.13553231504550073,-0.8753221936352654,0.4100210095509863,-2.0474536133632704,-2.3995992643798085,-0.5154941132145044,-1.705077396329506,-2.4708709680949754,1.9610463271091805,-1.57946802222206,-1.0209249491884778,-3.225249791598313,-1.998419775312958,-1.1243520726810223,-1.817314766966723,-1.272286456067282,0.5762517932537531,-2.452735387312531,-1.1130079344873867
-1.1265389616815171,-0.6216367787345274,-1.0204355714767046,-0.14125452308146966,-1.7904680470633454,-0.7305844200424177,-1.409778515345066,-0.9814609507964961,-4.040005736234794,-2.6748615688498885,-1.3317030080650412,-1.3248847646556363,0.8068830897016066,1.978902573574299,-1.7654790351435967,-2.141132653873982,-2.239617107254324,-1.6845221049395847,-0.9136494047984032,-2.1459200295216685,-0.30012352787588653,1.2826873872472293,-0.21503380763473054,-0.16931184144393793
-3.3614076739942553,-1.685053398182584,-1.4007485548848966,-1.7713563351621024,-3.0100352938282695,0.10593286723082568,0.27233854065107904,0.44358953296082265,-3.113680099179813,-2.2558166386164515,-1.9699292693723924,-0.8661096990320893,-0.5695046183320216,0.3920093777681752,-2.144949471780541,-2.0715356024164127,-2.994698701362346,-1.6019566079394356,-2.061564137868391,-2.553055369303337,0.10892776319292366,-0.32520853476941064,-0.8177698112131734,-0.034548044986707674
-2.4652801498079504,-2.458397559726337,-2.0434311792959545,-0.5959803056670843,0.019004615625344775,2.5656999295943947,-0.2662890637188622,-1.6408654008200272,-3.344582799904507,-3.5372405555915094,-2.3184857327902697,-2.2574643209116614,0.39355212657981103,3.2766590258012993,-1.711635273603391,-1.0370739454468292,-1.7798831396511854,-2.388260787763566,-2.7666683013500015,-3.170394389380089,-0.1672240541284351,1.4119869602962496,-0.9479823984870248,-0.17823497401106833
-1.8126932494929362,-1.4953992326121446,-1.7664723031501963,-3.4761672729814785,-1.418481217525349,1.6213764261472126,-0.02631487396754705,0.3982500813460905,-3.5932346129631205,-1.9891515919272205,-1.9719298469965774,-1.4499202546075107,-1.8479321332473053,1.2633983639400688,-1.9333825232702488,-1.6361258039519841,-3.676363876961014,-1.0109962167833357,-2.0402110535516407,-1.732071136699051,-1.000984708911506,1.2641529607548625,-1.6686745535032816,0.5946503495781846
-1.4223535005325305,-0.7083384409013926,-1.5313912391779119,-1.3894402322635426,-0.929890363220061,-0.3244656384589402,-1.8039984611115887,-1.519746133961333,-3.3276738817387668,-1.5453634698568248,-1.033400106287868,-1.2838476186829164,-0.33439521883703793,0.11721650806046734,-1.5418673303479384,-1.175029290866919,-2.409360758109466,-0.35556552245704914,-0.7815993544882553,0.04320253075453065,-0.8421516719209808,-0.4301441284607519,-0.6645950293765064,0.6262975143545526
-1.9223603757792342,0.021578863626207874,-2.038829161088173,-1.1342954217371786,-1.8437026248314334,-0.7360362123679013,1.1717062391914352,1.1283054138160449,-0.8916343676374007,-0.031235410222080994,-0.7352920805277781,-1.3194695481080037,-1.9361172996530291,-1.1290158468037903,-0.9422356620280097,-0.15474809817425847,-2.851251416622017,-0.9829442225589209,-1.876390306648745,-1.7115283808166697,-0.8468852280271543,0.7184401102584805,-1.5971524808601794,-0.5091828276282578
-0.26898013042080354,0.18796543987652006,-1.7447822737368495,0.796179603526263,-0.5082365264956058,-0.17007037149993526,0.961486732502809,1.0763225670626444,-1.0606415205835367,-2.05407083135233,-1.110191597231205,-1.6211631188822477,-1.4539543225046854,0.3965248161844997,0.33922537671773584,-0.08091220653297576,-0.5903851357937181,-1.7816870272827905,0.013478923982899642,-2.089677182840417,-1.6507575425559826,-0.5108685719402049,0.9899156543020392,0.019819694042852064
-1.5754588784714898,-2.380186325976019,0.2778630092278961,1.0472182282931293,-1.3528484280402666,-1.1322784802381949,-0.08378907856620392,-1.6478506343476074,-3.011693267139477,-2.5242646960663593,-1.7890226016959632,-1.4024507708276217,-0.18035524555908394,2.0548464546772576,-1.901313401528149,-1.571555533807592,-1.8136779721384724,-2.683683755735749,-0.36977556958118496,-1.3842170086175216,-1.0543493078673276,1.475689923703049,-0.7043961547162323,-1.4549489103411481
-2.342075053662495,-2.2897145006176802,-1.023793506328473,-0.6983830342529158,-0.6807479743462638,2.2260161465912565,0.022585912368415464,-0.8346271331397405,-3.1242653228666897,-2.170219096455931,-2.618753613660651,-2.568484997189165,-0.697871548668359,1.017808416109247,-1.74006206072768,-1.5681442825356098,-2.2411225915984896,-1.2685532229334027,-3.3628928645606586,-2.855994740417835,0.3199911982160985,1.6056537923985696,-2.438801491426671,-0.5557532103054962
-2.4642165617138083,-1.96200452965334,-2.2895152101556784,-1.8537995729635328,-0.7737587897947108,1.6786452380609014,-0.006315612100199782,-0.5362700047160909,-3.527593498131839,-3.920322221645957,-3.539106119060155,-3.0946393717243517,-0.16464204182536898,1.8785567779681003,-1.064201410194398,-1.6423223512560219,-0.13867763960585103,-0.4610454010308269,-2.5377754422862924,-2.768984617925493,-1.9194348201164109,-1.0816354350264674,-0.2757912464442173,-0.9998324195980707
-2.2490354863452735,-0.7254388624133659,-1.5096849230523721,-1.2903572818239861,-1.872583918741758,0.02011932520083933,-0.7914560039616685,1.0559293380248402,-4.133873715717918,-1.9040564948680796,-1.5648843560445338,-1.4263460196936038,-0.14604348324619282,2.2371395848572986,-1.7470506123389686,-0.5146817988962878,-3.1133726782262596,-2.149469306459749,-1.472378426802517,-1.5100767151861156,0.5201460149757847,2.282333073483998,-0.86151272569987,-0.26773971147088876
-1.8808595364667569,1.4384413748649847,-0.6058418992467942,-0.23585753938633552,-1.428474290978877,-1.6552104422248237,-1.2617317587979366,-0.8318318876505543,-2.8312426093000003,-2.6789587524723113,-1.5391331410173932,-1.280128240344899,0.2593127054596165,1.5945316745595477,-1.6673979576563265,-2.231482484611938,-1.4060359404028047,-0.8048893035191379,-3.3225229161063363,-3.4322838053420153,-0.8585522187293033,1.0291434669634931,-0.19965143262498145,-0.08821543797288398
-2.739400803719938,-1.029222027513882,-2.786742907159415,-1.6922916508384833,-0.681678446466402,0.15782281799031014,-1.2875200406079041,-1.4670490359143327,-3.082351620282641,-1.8121918690030698,-3.3367986169755066,-2.851072996775704,0.38949605451188646,1.5175752227899757,-2.699494015722351,-2.2534438303869604,-2.7505125867133935,-3.087097372620018,-2.4786785625890926,-4.36555599715819,-0.7771851499374212,1.470522669745329,-2.220605188602174,-2.8471051373679575
-3.3309052024494314,-2.477898802409289,-3.7723506641960634,-2.9927701069741914,-0.4531108220609826,-0.6453626532000071,-0.9397982426393018,1.1110170470853589,-3.655322300543125,-2.0944061252770605,-2.98926753463772,-3.205525563016847,1.279220764282868,1.714453384102427,-2.2826497498875913,-1.9632545514035533,-1.870081882509233,-0.9794393294598374,-0.6992275487259713,-1.7482761265184354,-0.255866198831253,1.7001946176071687,-0.6828855000830325,-0.29326580165513716
-2.2818547554363096,-0.053055680481885324,-0.2822333559041636,-0.47508979491337494,-2.8237114096967737,-0.3415074516808218,-1.8303333716418209,0.4043316756800119,-3.0157386026434754,-2.842154155306248,-3.5020357887272744,-2.4514199421206206,-1.128259218746593,1.5688037887226756,-2.400269370897703,-1.6576273123317469,-1.1159445761270799,-1.8906256983221346,-3.2105554569655794,-2.953426470272946,0.24356259505908498,0.9365679600030128,-0.8546938666140074,-0.8410684945991486
-3.481052255074993,-2.5456454745467427,-1.148175098965897,-1.4617224926818106,-2.386401962495568,1.0195878798953888,-0.4869326608441981,-0.23419623027470973,-2.5947810467239494,-2.814886325531042,0.3365488291898664,-1.0664253155837475,-1.4829560101114665,0.6288814579611629,-1.4017837578537111,-1.8192841136268243,-1.530883643492835,-1.6686660530350166,-2.367863979917226,-3.0969765949381287,-1.8508256409668624,0.9256868955180215,-1.0960373316049032,-1.2854877374907454
-2.0020577430938706,-2.992706326473579,-1.0740643002094636,-2.75700681063539,-1.2342485510676222,0.400693531031173,1.0139924893052854,0.3688089151427216,-3.716928103643137,-2.9213911017401797,-2.3321551105238703,-2.97070469572464,-0.612200570717385,0.34022348609721065,-2.5378923803577274,-2.3186724172802973,-2.256550866963009,-2.2315979490524582,-1.2280070648728294,-2.253389013875572,-0.47893168045108375,0.5776371521931245,-0.31241895720952445,-1.5893050523568522
-0.5560729158538736,0.2855659935037091,-2.7388191056680387,-0.8984948893876029,-2.200800583576077,-1.4798295371114059,0.950859044614059,2.8244471907908957,-3.2318630782704534,-1.7840501010755252,-2.2497491292813785,-2.0842604166375507,0.357965475790732,1.0028767059423886,-1.6229862908383754,0.3233106382788082,-1.7421698612287628,-0.38881713436918464,-3.1844178720046603,-2.607689828053329,-0.10138447244087889,0.9370002262368669,-1.5623090361600702,0.1460460454961899
-1.1281708489958975,-1.03322409482203,-1.716777971721838,0.3831062184979122,-2.5033973107766316,-0.8006783323693449,-0.24895866787641366,0.7869573414275312,-1.5185733880374683,-2.4315228053188327,-3.048548248599506,-3.3358521680853626,-1.2147905985819123,0.8803006642102404,-0.3866702971194696,-0.7458388985053639,-2.2655167312182765,-2.2602876103059244,-3.4138902560749664,-4.0976802327245805,-1.324285863374412,1.5988005718343952,-1.300349904653625,-2.1897959004693885
-1.2194100269774892,-1.3504848376481065,0.4020416681715431,-0.13162317736350304,-2.6861751305957786,-0.3921988335249624,-1.8165864343359472,-1.6674357805568807,-2.9495129358119927,-2.468848156395698,-0.8320415470610449,-1.6988789314215373,-1.6377187972116216,-0.019102102057950078,-0.9852485380270878,-0.5769446429287154,-1.9171144339833244,-1.6166875859543446,-2.7410156947642172,-3.149619130435535,-0.764280176152501,1.21675520320004,-0.2584644387846432,-0.41953184794696313
0.8709295580848002,0.08492133059140508,-0.26973354385362264,-0.13543476903030963,-2.446006318297228,-1.2306275922973289,2.0081521917910594,0.13069210785414362,-1.3762272811103762,-2.498590965720582,-2.0068115938331803,-1.9139654970101783,-0.6175763458523675,1.1277543070970217,-2.414249199149789,-2.3373668738718805,-2.5702021738477008,-2.2176867042105837,-1.4113620857653797,-1.9869193448936855,-0.06826912518911317,1.548139253513802,-1.0549050873581791,-0.4341844162094938
-1.0691531529118683,-0.3724002135550679,-1.9067757931596547,-1.2952772489574707,-2.263582821126912,-1.4324150802246811,0.7387395442389307,0.8106271854615403,-2.6691303748497415,-3.193934904298709,-2.271279044748304,-2.697252736053576,0.8045492347975228,1.4475998185961931,-1.021048641074092,-0.9498457338586647,-1.418083906576932,-2.5778356112004013,-1.7189700837316606,-2.4558854903285017,-1.186964811481197,0.42857771760040514,-0.6725216620309563,-1.6527727117932471
-2.654068269550349,-1.6337641161117515,-2.9222191494163017,-1.9637815728981038,-1.8487955907098832,0.24200074740820224,-1.0111461125484016,-1.6006052850147432,-1.9271248054889338,-2.7584998184439544,-2.620831637891205,-3.861163432117651,-1.464896303623159,0.8052051182983337,-0.7757191774384606,-1.5009409056842609,-1.9426714152050897,-0.9667121921078833,-3.5314095832000243,-3.6595905005096996,-2.4223026883083834,-0.12197716104330923,-1.325746120803542,0.6008024684475032
-1.1072640727495324,0.24784333911615658,-3.0330616837206485,-1.9511591502949082,-4.332796472932825,-0.509892615921186,0.9643034943445222,0.9862150982337917,-2.0052051054598663,-0.7226523442813069,-3.0608962575315792,-3.8482708184725314,-1.5637535784814929,-0.3266049809831587,-1.2514538360068823,-0.8616210062490347,-2.395717858363097,-0.8992494650640018,-1.4395912755317077,-2.1975710565047644,-0.7655405254170486,1.108361768708891,-1.3721644084457787,-0.05872551856862575
-0.5682845073771022,-0.81586760191052,-1.9642232940990267,-0.8482854389172851,-1.7505844277036402,0.033672713422512754,0.921159810853103,0.5391478080077666,-2.988981845737125,-1.2107567449319752,-2.768962218000197,-4.343578965076175,-0.06308090023471633,0.5331675553609098,-2.2385121596958113,-1.4597135480647474,-2.4751107701331962,-0.9987504750497102,-1.2505136418336211,-2.0764197557277155,0.16397082602398877,0.2753891586051505,-0.9378163229378379,-0.34664226380670154
-2.013059894907125,-0.33380573799392455,-1.6421520856981433,-1.5262342763398313,-3.4222715535186343,0.9445522781828847,-0.8200043792527617,0.43825552624431613,-3.267068756325035,-1.9610726079970984,-3.5150455519037593,-2.996065710387797,-1.5505654752587843,0.5545922108450486,-2.3558707853455183,-1.4924975215197347,-2.7074152097274977,-1.3123789506922847,-3.2655388339908353,-1.7610913443859229,-0.7093069624952795,0.9324033494867261,-1.0623185704017006,0.5303839307275698
-1.2473442341491752,-0.6809776907911849,-0.5268522144879841,-1.450235578162285,-3.113943638800231,-1.6352255649990235,0.8020137599825021,-0.0031544220952854935,-3.888953981649887,-1.996666562622201,-2.5188097414689268,-3.6509866967738813,-0.07240821151872676,1.5451997835777371,-3.1984636839616405,-2.5157506564046144,-3.557291471075342,-1.6936569320411468,-2.906497756813327,-2.7493929396209156,0.49343260459545046,1.3656349683113413,-2.7969119975879746,-2.161096267337337
-2.0747127323736314,-0.30512252373061255,-2.2862772255590555,-0.07504742402309006,-0.32069531824600345,-1.1827581679616317,-1.6311186901688588,-0.6102583251956387,-1.0196125521656962,-1.852250799803119,-2.0485942565831907,-1.8876717503726042,0.7057841418826623,0.2861023869515412,0.20428665746580846,-0.6021557884839617,0.04221716447878668,-0.4288584341242953,-1.4066929670317938,-1.052323026364334,-0.9757312977017726,-0.4910095019389613,0.3617336211354388,-0.9173399488302945
-2.6232012540604854,-1.751081042940506,-1.5096168886725123,-2.4600252878806352,-2.4035292907501336,-1.011279903133059,-0.9977925332941721,-0.2866098886130086,-3.603288745893274,-3.0847036752342327,-1.0226113689201022,-2.857665109467168,-0.3004658673362472,0.13016378452676777,-3.2736067846682824,-2.462277518106976,-2.2195575846206044,-1.1498974219946119,-1.0955790972146446,-2.4542253467753152,-3.037701159196969,0.6046009827362933,-0.8862423928880098,-1.661569268005504
-2.273448457774141,-1.258108301098974,-2.4602327726430833,-1.2892404807096693,-0.2516963902980204,1.3854281070215242,1.1000187322078736,0.5602682943834706,-3.2835618209234743,-3.9377940695625067,-1.5290623554278255,-3.4305925357875515,1.0402398189244728,3.795691952910783,-2.048769332429684,-1.6766515677874745,-2.6425277507129525,-2.581915383865657,-1.8814891144588346,-2.658043653869396,-0.05479022268324062,1.2454887144255675,-1.5049283567781169,-0.31392044847358325
-2.4150823817895275,-1.1848230631869903,-1.3747195965385108,-2.3731532747699053,-2.1431145813044172,1.2270615855741933,0.05727230235156548,-2.260602208165024,-1.4091736598772773,-3.5701461934049528,-1.4424445831469344,-2.1593151930677097,0.3127944780794886,1.9489433167074368,-1.2403845387147783,-2.290068836745089,-2.3942779234504177,-1.9974059243516777,-1.1307685516704222,-2.07319212440113,0.972418023330989,2.151408056213723,-1.9540978604274306,-3.5269897653173774
-2.688785105622874,-1.1813855041859402,-0.7771462266701575,-0.9803208228229296,-1.9571962695962348,0.6784841980368381,0.21200301323582688,0.5820435317746869,-1.7858369415095754,-1.8637237667644602,-1.8851274322154625,-1.5788873667072716,-1.3149552489732304,-0.261134612617134,-0.9150927228781983,-0.8543037885643785,-3.1476379942144024,-0.7665517234043314,-1.3973496141399058,-2.0951958353833824,-0.41796593020423833,0.8252511382842908,-1.6130971142768393,-1.7452958155244918
-3.866498328615746,-2.4085466573230714,-2.3572505783455373,-3.312927903765162,-0.5998387097638784,1.3275829225521605,-0.834852695776051,-0.3902591531772569,-4.03404364106892,-2.9031513851647004,-4.0138807877808835,-4.498299440298605,0.95037234571233,0.9911572114907989,-3.3904338038327686,-1.7572543981407338,-3.37991107155494,-1.7796587103325112,-1.9868136466876685,-1.945752736169668,0.36344111348860764,1.5195375921810144,-0.032604782667591446,0.8690362129669187
-2.272046346458238,-2.067897863276394,-1.6070456447343595,-1.9287902793417446,-3.0196634577400956,-0.008507930714364165,-2.762006262529835,-0.384600225445034,-3.508821996997127,-2.379207089422258,-1.554569621562997,-2.4548826744915155,-0.6676578802817044,1.1618282988118702,-2.6759527097683935,-0.7843274981266782,-2.987990903707662,-1.9086034132081255,-2.1006362394188063,-1.82326299418671,-0.42390916193232836,0.9852719141001336,-1.8342233493361533,-0.013223620411618162
-2.697804378682137,-0.14069406346609784,0.12084716337929377,0.4950589245072227,-1.8166466538328612,-1.2367119745253974,-1.0738200113950278,0.5619624955485671,-1.7574164484994121,-1.9790180682476328,-2.392301121389377,-2.4041508703590826,-0.463265313559091,-0.30538611147368133,-0.6857309338968938,-1.9386555837864816,-1.9026936129516745,-1.5242673161943217,-1.9659854359683937,-2.8210656990158123,-0.7159728520582724,0.700382991878139,-0.5124159092196312,-0.22543207076790764
-1.8464923150359291,-1.420079293606707,-0.9253151869690268,-0.6098121550913247,-3.108627626491974,-1.1103703881869773,0.010678658007140485,-0.31604506693087414,-2.685489801717532,-2.094068997021074,-5.33436821806498,-3.393994645758121,-1.292317330867778,0.8875477597571859,-2.636089325303363,-1.9312512049081043,-3.025212997088527,-3.0983352610254764,-1.704021109816536,-3.442697978411981,-0.0289910867037368,0.9556572497034658,-1.8081516260672281,-1.962709198677701
0.26288399318643846,-0.4402483717666963,-0.21616319466130965,-0.3654673428648884,-2.1743831335925083,-1.3104080520290284,-0.13961739826356612,0.8971183748995686,-1.465790195947675,-2.665851578841946,-1.3706272194349143,-1.5725835061638038,-2.9021047754655496,0.5376860256973858,-1.109746832447522,-2.1078320499431187,-1.0603970128264852,-1.7513873413120615,-1.931466267936482,-1.978762421728361,-1.724637578477492,1.0746989420981679,0.27827528348423447,-1.0871191285223194
-2.757683355863027,-1.0758630845210948,-1.7955378638356332,-0.9183346066879745,-2.045284756878764,-1.2103270484757456,-1.036509679992489,-1.575363555164542,-2.8405787642101936,-3.115629106396086,-3.7618517498585535,-3.4788484588795296,-1.0810175434000548,0.40895668042437405,-2.822032230321124,-3.3272286087716814,-1.6053321958507916,-0.8819072105165046,-2.2843719897716777,-3.3934928481777624,-1.3295493144267423,-0.548011210642134,-1.4916681898247006,-1.7510523867257677
-2.677674360045555,-2.957659804247842,-0.6486674802680766,-1.4786484441880139,-2.9931614859059854,0.05489981250116781,-0.5572921492226679,-0.6463378759750256,-3.0064837756956324,-2.5290653665801224,-2.472800211400033,-2.1912738572796724,-1.902775998623653,0.2665130708686243,-3.4083902609916445,-1.5059102172437124,-1.6344244316408538,-1.1191277812226368,-0.7300265705956465,-2.3320759221454628,-1.0887309317566038,-0.07892069230043434,-2.379192175063591,-0.2442933995956661
-2.7244551420215624,-1.124213091212767,-2.1575152569343046,-0.4689725000034917,-2.3226136781389397,0.016349983817513132,-0.6735315970428222,-1.711634783894892,-4.018304917667199,-2.1285789578481955,-2.01774335982822,-2.026398441587578,0.09958921342990058,2.125349154009701,-1.2570539861289791,-0.8125778234576269,-3.0428561671413057,-2.1560141589403825,-1.3296652418924666,-2.402283333302243,0.15294533687351047,1.0232819963040298,-0.2848203713744019,0.2568067509478682
-2.46854836919477,-0.6676038150494982,-1.8170296280781886,-2.1878606166139276,-2.005699486309296,0.7216351022315612,1.1774767761412201,1.940724275493335,-2.394812230101294,-4.463128249696384,-2.980906190016931,-3.7055770791115594,0.6217871026246684,3.237140916730826,-1.1597717924426103,-0.4540530310800847,-0.6036716854729571,-2.615748686380337,-1.1680760187929244,-0.41684554239613425,-0.04495671331691397,1.1507209568105274,-0.2974690385056085,0.9015944783099048
-1.9897889360801584,-0.3947443385448978,0.06291925048226589,1.6048459163816906,-2.129623074522014,-1.7308239354977575,0.036302810991881276,-0.14590196836320904,-3.1740745731914926,-3.3264038103480584,-1.8542792426470007,-2.6414571274740175,0.21167963572949686,2.4388857187291126,-0.8799464711557713,-2.7659494320674245,-2.147615382991558,-1.9216614982593025,-2.2889457836317977,-3.512749472402053,-0.9540249536337336,0.379221167080576,-0.3456361417808303,-0.9270902317730464
-1.3169230019445006,-0.2189959550250691,-2.8689852367800994,-0.6162459603192082,-1.7959451090778014,-2.6063344885769713,-0.39976434332796745,-0.46442388150430974,-0.6063549165791944,-2.280447538288576,-0.9118792662673828,-1.18204650870526,-3.3338226329667666,-0.4843271287282043,-1.6258412015464492,-2.5174921593276784,-0.5935360035097726,0.49254880827493097,-1.7069366962628296,-2.703748610244415,-1.322812607297108,-1.1044873833323876,0.4625968044727042,-0.32359428950588376
-2.008149490256003,-0.5214512484625857,-1.085140543956577,-1.3576953077794478,-3.713122055659335,-0.5766812425267612,-0.9373462576815808,1.201944043737689,-4.216944087059236,-3.207953653017284,-1.4008481376955877,-3.095861017010298,-0.15701354059023595,2.901184857461831,-2.980250995112992,-1.924463371503919,-3.846393001942328,-2.2426682862124907,-1.3074471264536578,-1.8900673805841042,-1.3662997363995852,1.4220372055982071,-1.9320392598473468,-1.4573412256800609
-1.877304767934266,-0.7220744206560894,-1.2431072700622885,-0.8776905948309719,-2.7501152283499857,-0.737819613012843,0.7628623681244756,-0.42821597316274146,-2.4493911516030122,-1.0564055297673758,-0.7276245831177377,-0.8033358383506217,-1.251070909736937,1.0071014981925217,-1.1338868457266826,-0.07317468020866968,-0.8083111452890009,-1.8058864900013847,-2.4086381554386436,-2.8465711512130567,-2.0942789372229162,0.5931465526102337,-1.0470298289449773,-0.6153771335634448
-1.3723816935036188,-0.23817113194089032,1.1085218258244174,0.6745153617975674,-2.1053377948783485,-1.9139423415500352,-0.1958189166926126,2.399185490144396,-3.6749503659251173,-3.0149786827003715,0.4875435217547916,-0.2825394320287042,0.3520509315389786,1.1712829484484,-1.5277713921100138,-0.8976949007335836,-2.7372347436180378,-1.650386690886068,-1.5474723125173084,-0.858490688135555,-0.1253108786870459,0.8444898369098233,-1.5404510886068772,-0.6552154432997463
-1.3515950588316699,0.5731284140623841,-1.0827144919853704,-0.04729001007240253,-2.73832958241442,-0.7564467703661438,-0.08127258209249359,0.3233548410200517,-1.634517111048596,-0.8025505452490599,-2.308759765544141,-3.0541435683727123,-1.6002664786651202,0.1586276244114221,-0.7627846324017801,-0.5542184959690529,-1.2095611798041184,-0.6693648831642509,-2.2909951024159523,-3.435752349236126,-1.4086047020905401,0.91149873518943,-0.9778272400793516,1.0086596695402454
-2.2315877760916862,-0.83103867756179,-2.051260700418191,-1.4830004340827332,-1.8407704840981072,-1.14559432825294,-0.9254276106727397,0.02425878513776122,-1.4197601038037682,-2.223974257038821,-1.4248031664388805,-1.1320819262524509,-2.266587315086053,-0.12905475803023342,-1.5283922908902983,-1.4401540446605705,-2.568020621798046,-2.1829051429073885,-1.0135154747845212,-1.1793326054256061,-0.2996491193878962,0.593931363278705,-2.3559222165489295,-1.1221519058169687
-1.3806460659578565,-2.5363984343764594,-0.42993844854779745,-0.7687979472191069,-2.37724736426495,0.3738766582992267,-0.7099390808800439,-1.5132326195219923,-3.2258492933912524,-2.6473715928054995,-1.2560153020445273,-1.5913816621526042,1.348821377532138,2.9823939802355937,-1.4554866801930428,-1.4296783465901324,-1.4470221408682133,-1.7526361666738643,-2.417544358606404,-2.8506982129027634,-0.5032510305920359,1.9949080649790523,-0.33343629665376234,-0.8030169214933048
0.0818685937512551,0.45709684627996866,1.239120184092151,-0.22415001334337817,-4.2854530882989,-2.842075911816496,0.5337177154747816,-0.10652213464940508,-2.836416319678562,-2.085741257770504,-1.155867382942294,-1.9906268971022834,-1.7268291005055747,0.39386540487656246,-2.253582268845074,-2.4194131672504096,-2.3957424775789096,-1.3812684576732597,-1.160872161671601,-2.2455498190477887,-0.28671565203972715,0.6606728108396225,-1.051449254883885,-1.5491307270762236
-3.459002993790965,-1.7986245839299135,-2.591050870327837,-1.4319961341705831,-0.09965833067916598,0.9602948635185999,0.6081048951285083,0.1741155996483217,-2.827765316266462,-2.0742587163999526,-2.538083177325199,-1.5407548042929138,-0.40745590019069816,0.8887564273456853,-1.4683967968050124,-1.0793901958073495,-2.910251249632941,-2.216811529432521,-3.040171229282782,-2.7738029441573486,-0.2256985264521132,1.1085339938370853,-2.6052407654607257,-0.8967248504012625
-2.5446486247245828,-0.9426380402725151,-1.4389091645396517,-0.7529280081294991,-1.3590926237087646,-0.2570015865467031,-1.4535655872927118,-0.41889404473748565,-3.55840615853243,-2.979140681601951,-1.4791801621072713,-2.0329101201447357,0.3302689214910533,1.5539370723130375,-0.2343611923367928,-1.1573959396601001,-2.402141516123028,-2.322051513969584,-0.4026609953634474,-1.3974941756346957,0.8365904174693118,1.2705181608887912,-0.40644708377942435,-1.0383215360252014
-3.677381319855009,0.09365860324117453,-1.1752870573601617,-0.9622916848530579,-0.27464881706056393,0.16696011741303843,-0.8883089710286773,0.9495609771154214,-2.3304212316268513,-2.455823977988162,-2.825928745976717,-2.2586604765438687,0.03371253553716679,3.0111405128876427,-1.4289931694644251,-1.658741669915715,-1.9362443461912584,-0.900412547784525,-1.9402330105495278,-1.6112352499919005,-0.26943968291591447,1.1069053277175098,-0.6795750032544876,0.2583488725275921
-3.968450546285771,-1.8545622958677186,-1.4872897386232133,-1.542131400553193,-0.03254195055783084,2.0049212934572544,-0.49345326739789874,1.1506024672402742,-3.2926791531556434,-1.1238999321125596,-0.668112305827704,-1.5514037759527999,-1.1601339329780989,-0.013004579127590319,-2.226082154363504,-0.6626245000366392,-3.03720656075509,-2.2505160852037895,-1.5747198086364336,-2.205180515666468,-0.12559350107713096,1.1701034200949627,-2.7368709227996164,-1.4697340925256939
-1.2737571485330568,-2.6184995855341087,-1.2583384711843701,-1.3127491237565694,-0.7220731809387101,1.6137277446184226,-0.018218197916283027,-0.8521818839145473,-2.1756861723545167,-1.689154327759847,-2.2855918879628585,-3.2340862975626914,-1.178299994234485,1.2583213532051114,-1.9636820883894228,-0.9594119352107144,-1.7853994518108578,-1.253567536646117,-1.947047079219497,-2.428260325215923,-0.933030935360082,0.9334609596412314,-0.8834233257948514,-1.2123627916456488
-0.45238748865043626,-2.4080300234371834,0.4068369375406918,-0.5283511741706325,-1.9823750144948562,1.3211043777764622,-0.6045336457694257,-0.6899992181888214,-1.1884759162788516,-2.6873994769094915,-0.719155652220284,-1.8678248059088172,-2.0027535130831664,0.864306762133946,-1.029562369133742,-1.24444075141006,-0.875663309576614,-1.6626599293048179,-1.803069975278386,-2.3086895273340247,-0.5017510903064238,0.9635613868375993,-0.5238875641082342,-1.813065448558772
-2.4605317543620284,0.21778075165184302,-0.7624560178023005,0.15989370645328033,-2.2795597916945876,-0.5908326313910026,0.9282333067255129,1.1848014009908816,-2.3019747358513962,-1.9584016679174552,-3.102597867795644,-2.8017514250589253,-1.6035244008609282,0.6001526037427785,-0.10556883316780469,-0.571904098537634,-2.3229872715479387,-2.070990219772383,-0.3875783024217699,-2.165600073432534,0.3949729283796976,1.144670905969861,-1.2236447077612966,-1.0277402834289324
-0.21069218628797134,-0.574787841838975,1.3440643964158159,1.078332181738588,-3.3354533077635034,-1.522206811852059,0.8392282834877683,0.8148872683969599,-0.6504406858917637,-3.11727172087075,-1.934857963170714,-1.7294329563007695,-1.1146720095779485,2.6699893865072366,-0.7935360637522317,-1.6667786632507426,-0.6870029478825217,-2.2984728838899895,-0.34738291568510427,-1.3839404594035603,0.10210404623876926,0.6721152857695732,0.012574989912627189,-0.47890061837767
-3.5538727822913185,-1.0375959681766365,-2.144564812829271,-1.8003191513422383,-2.3775770492052444,-1.6395704421022106,-1.9741860251062826,0.2570973543375553,-3.5170262086896504,-3.1155724384888948,-3.5424075796633443,-4.024745060764774,-1.602823323625804,2.0459422505477614,-3.4409319833787917,-3.194844689438809,-1.1465254590805436,-2.6801496900605217,-2.262430276896648,-2.935302043357803,-1.2685830566864413,1.5643892894351268,-0.8675984432076996,-1.7600655048429188
-1.3488997864999512,-0.2687728296985319,0.8575792563442569,-1.2136971640692729,-2.08145261382372,-2.5367096146540646,-1.1215361988415895,0.32211724797075986,-2.013113827714876,-0.7366694951718074,-0.8822497155734773,-1.4863272388415532,-0.813305859547871,-0.8640868627442567,-1.0920065113367432,-0.6275955262011822,-0.7639682395802708,0.08660402464519058,-0.9672792721377205,-1.0642023654566162,-2.039617469324627,0.3707568272601107,0.13172701845543924,1.1559932546216112
-1.597729122591569,-1.8716853746503703,-1.030670619049035,-0.530719735457176,0.1930653775459507,0.9888046576732753,-0.15196276278666118,-1.3533907613377094,-0.2778568717738762,0.06650673351298868,-1.2759612842044712,-1.2010184681740457,-3.617722831407041,-1.6924906374779898,-1.5213708213259443,-0.20487519431955245,-1.4394107220662329,-2.6295701262145617,-2.112957295751461,-1.912729746807154,-1.1313482287435475,1.9721934186859338,-0.5668010194308718,-1.436471414563861
-0.9196512611549624,1.2914401210734783,0.38516203233238383,-0.3109222768684751,-2.621327580310767,-2.8015082977912114,0.7918311386634602,0.24578270461658924,-2.4297925473593502,-2.4981767787104627,-1.6579539374378658,-0.9710250557036385,-0.8274730486238314,2.486069780897781,-2.1174475458393265,-1.8814189473997782,-2.193803543125581,-0.46653983823309314,-1.3303159905583979,-1.313590120821539,-0.8544098825361002,1.647115184991981,-0.18722305834134056,0.2957233148484793
-2.2754193002208773,-0.6549604406153959,-0.22555698555456438,-0.8667964572618911,-1.5448251384687963,0.4858820554195834,-0.5461760716363312,-0.2809534006287208,-4.341821325911783,-3.5287855566006443,-0.6179600363345181,-0.7537737493646502,-0.4742778865190711,2.408453699208851,-1.8806500007267866,-1.461522363844347,-3.75072931511038,-2.479223658573256,-2.2339781306616677,-2.2227197968759387,-0.06068028972217252,0.422197436714131,-1.0161852309783987,-0.504720305270379
-0.53280447711426,-2.170092002422594,-0.884200742192613,-1.112809449966631,-0.14603975793674823,2.4631940475590928,0.3643702981016499,-0.3947366790934585,-2.2431336885028883,-2.0101698821395573,-1.8765944199269047,-2.711472572495941,-0.40053675880757666,1.9660313807923901,-1.729325349064869,-1.1689360254173486,-2.141492690526757,-1.0393193081577214,-1.344833269882919,-2.9631496691996686,-1.210908821043535,0.526455846517767,-0.9729796062043061,-0.657441362605484
-0.9444565615357501,-0.7870479083907358,-1.707335853868577,0.0622480193037582,-3.2186855401522623,-1.5320602920102997,0.10972329375811464,1.2942024956468685,-2.021623520181352,-1.8021224676419838,-0.31884903666941333,-0.0700589419950408,-1.945844611255572,0.43829239196900177,-0.31572064639875297,-2.0226996569542828,-1.2362486555543082,-0.550828231173027,-1.1770091437223313,-2.405587012678856,-1.1360456108960155,-1.5258753062840806,-1.2482142491031307,0.2663175792584792
-2.937621382495202,-0.3538387472658902,-1.892141499559687,-1.6701125732505762,-0.39593067638113455,0.8484839527671266,1.5543000216321678,1.8091749103127501,-4.781727072574072,-1.8431891045205104,-3.4904367521172133,-2.3693781388086053,0.34805073303118983,2.076347295542129,-2.127217190576495,0.1531986051038215,-3.245788078085573,-0.813316512393042,-1.6694463034710565,-2.1846245610825963,-0.18990407823243818,0.2363571499870936,-1.1788651976371605,0.7673304273549633
-2.4320190526180157,-2.1345195800586976,-0.7308177911003924,-2.7351341358837256,-1.8982130930656436,0.8047990470161984,0.7598103235828322,-0.9861359157329512,-1.8724157630156857,-1.668095572113275,-2.438930893434977,-2.432173047280486,-2.024908837144339,0.6069797841497154,-1.2722468156217082,-1.518308266511964,-2.102373438499987,-0.8697930713519403,-1.7995857593450058,-1.5644891888637495,-2.056709662291999,-0.4955751676650684,-2.5448139271595456,-2.820859087681761
-0.46781702535793346,-1.946238704475323,-1.222871685057199,-1.8123445409052483,-1.989069673595914,0.17160874170930795,-1.797081488250998,-1.568259280334246,-2.229179687349748,-1.747477281400044,-3.6019089855114252,-2.671054706572901,-2.091118028420263,0.673514961579139,-0.5938197321867543,-1.215048680302086,-1.927263425471772,-1.6403141895190527,-0.39671146775897254,-2.653585360397081,-0.39790295489041094,1.350557987629673,-0.7527820295630423,-1.3413979506731593
-1.8795152942626037,-1.2731189466873418,-0.1676690316752407,-0.3652924462237874,-3.145119430788008,-1.7141385582060307,-2.0189820671583396,-1.2297711006964116,-3.725731974364398,-3.355169776282648,-1.9255058782754852,-3.4774910157439267,0.0212672389594206,1.8922932387381382,-2.116929791546782,-1.60698757983147,-2.765855935754371,-1.8702361792071422,-1.5815211621220826,-2.527579131750549,-0.2659706658461151,0.17392457378812778,-2.166599614999697,0.5471993094526938
-2.081280115659133,-1.8882856013547473,-0.4408546964748905,0.3548434537678338,-1.6977086322458592,-0.2919786241308019,0.481188456668298,0.6857638221871557,-2.8451096103560483,-2.6523094511644176,-1.7276963829436076,-3.1188281286157555,0.02666107186355451,1.0096067202193602,-1.6890326828059374,-1.155794073696081,-2.6697239257143597,-2.5935614262685744,-2.5215383771794855,-2.8359275835831244,1.198828842787666,2.452074850489858,-1.3598271563993367,-1.743783372212979
-1.8336027816286224,-0.23128935175301346,-3.1033333968163435,-1.4309854562347986,-1.936308501030881,-0.6620899659928732,1.02749481494862,0.7437150240233877,-2.7282148289151973,-1.9819262729409934,-2.6813318620391224,-2.250102288392677,-0.81005204371483,1.3541414860649483,-1.887194756417683,-1.8689492906907532,-1.8390001673948482,-1.2565060957586016,-2.2919631823752735,-1.8247887470289927,-0.24219519929809671,1.916253518182602,-0.38657610986274965,-0.21105303396262665
-2.1253722693721038,-0.6749100448071454,-1.598509171519451,-0.5480403967652833,-1.5481063839858078,0.4677711349531216,-0.27638258281566247,0.6484787602033544,-2.3274759202521604,-1.7257027401800336,-0.004083747541849194,-0.20886163603371574,-0.34878272874505106,1.2933017288877475,-0.9360167308263303,-1.5448271988850655,-0.9945258443225992,-1.3319939824978377,-1.1918915045305924,-1.519345649413693,0.6374303985389643,1.3674028560372649,0.6531241206957337,-0.8582141146810842
-1.6445889382723602,-0.8352883976840255,-2.4100552348862423,-3.560997477745931,0.17053969051641757,0.9504805258849703,-0.6054556603613858,-1.1147727626733506,-1.888468615104863,-2.073469383567784,-3.916420229757006,-4.315488461952662,-0.927693795192818,2.197368162031996,-0.8266665160712422,0.31859406271368756,-1.451729136287297,-1.555227290784691,-2.475412192861439,-3.4107878276797097,-0.9082211702259655,0.7095868281401089,-0.4401293060384333,0.2818888450127067
-2.460452860220587,-1.4095484661198407,-2.2156538948402926,-1.76472107232196,-0.8337922475363915,0.19474220223591665,-0.23380398056307952,-0.047674569573771954,-4.281730616938548,-3.5234117539070526,-1.930762933337781,-2.1326030755756813,0.11845034690977117,1.0602433371631539,-2.529546279032149,-1.9380906263961692,-2.9404556772249077,-2.943995099030024,-3.0758252083597193,-3.651770198835467,1.1054664037866775,1.9620893646709523,0.7990817507650677,-0.8223723310172681
-2.296538503893175,-1.4433024109797232,0.2482898381731707,-0.8954790376731044,-0.8800867236447448,-0.8295629753631857,0.1254790122606557,0.9141138013031949,-1.8444511179317522,-1.8530142358348771,-1.2410386117789731,-2.7708337099702094,-0.4597622497221729,-0.2023853065000924,-0.6307457609970492,-1.1929960198591316,-2.0003168284401887,-1.806678735056904,-1.7076113353483209,-2.939098044626764,-1.5320408525476783,-1.7381894502383497,-1.2160839256079188,-1.620261362087334
-2.051101441801402,0.4597657429932202,-3.1565795894890085,-2.2578362625763257,-2.688408992804791,-0.28776022938408397,-0.1531837601938441,0.6954680629041171,-1.73002830840161,-2.3333386523370048,-2.4549729750391363,-0.9813600506894447,0.23662853777255427,1.86624462982888,-2.1224165959190486,-1.4123619358578483,0.133290164142642,-0.4748647826377238,-1.9429073288818977,-1.3223346429569327,-0.8223184103510752,0.6742497791437165,-0.33238404091216467,0.3420979550416404
-3.9327774163020726,-2.584406529416441,-3.3915346541907114,-4.289571472751376,-1.6862866177460243,0.9294736180830745,-0.9834806180006773,-1.6036193013563562,-3.6386108854544954,-2.8131831632749633,-1.5440967108906802,-2.345928588785085,-0.2990471832076202,1.6365157256173488,-2.64860926028817,-3.919721282719576,-2.3709550205655043,-0.9436117512118771,-2.360475198188648,-2.8663346542970296,-0.06484273605017686,1.307426090034405,-0.8685776267672625,-0.8582928516263387
-1.074949020169537,0.9562446616338042,-1.117413724808435,0.330908124702488,-2.40582553098538,-1.970337706118102,-0.09270305435553894,1.6557927277581814,-1.1765830790275678,-2.277095127477488,-2.0986699166212035,-1.9247493840292034,-1.4235586285134523,0.11093260990290438,-1.9575417055546915,-2.4060915220429497,-1.2578872762058262,-1.4384949687840083,-1.6726436644826843,-2.5121787730789564,-1.647303544856935,0.7522831061199567,-1.5165399692759909,-1.544496557805206
-2.5129028308938377,-1.1039143029866145,-3.876146971905087,-1.404922390308192,0.07298959452708878,1.792568049882921,-0.5130187019019766,-0.9531628335557607,-2.219815790165001,-0.09093735201573866,-3.686341358498598,-4.09363392541029,-0.7645226554975274,-0.138956764974741,0.6395771930884588,1.4352867472189896,-0.9070533772792236,0.2147808331449653,-3.5631871113780593,-2.609478901293361,-2.353341996288073,-1.007177616753256,1.2773574553170344,1.3337318526651334
-3.032466127056745,-1.786600285960969,-1.4025307936995306,-2.631618504328501,-0.9456738520561417,-1.7345201422570506,-2.3118659154792747,-0.6969248947964084,-4.657735052470315,-3.3872388572804617,-2.0525142016942652,-3.922386904258544,2.1417854644135828,2.513447170483725,-1.2357957495902363,-1.1356417457924435,-1.5751992157974886,-1.1288064802063595,-2.8267640079975047,-4.697326409198115,-0.3038092602068299,-0.7305110283051597,0.8075085745766938,-0.1499598442577373
-2.6616093989773777,-2.6552835959666745,-1.5672440071563383,-2.805387849661175,-0.7642649988030638,1.3524683485676627,-1.3197863816764202,-1.6254735282686976,-1.7937584592236253,-0.3611580575333404,-1.1363774409812188,-2.0164210487107774,-1.5501195034635513,-0.10296669974400696,-1.634809693526235,-1.394170027574933,-2.026641100337286,-0.5918790066562167,-1.3116707609856162,-2.5412461020552146,-2.5885993738999113,-0.6056677409237033,-1.7329575029221034,-0.9438960557997573
-2.9321985493752107,-1.8658646355273658,1.2713466256916017,-0.7755505354782584,-1.2360712769274438,0.38468899066710305,0.17985713931362826,-0.3440588021507683,-2.4983927978598106,-4.853640749086292,-0.3250643747921726,-2.1143776134819214,-1.8523939165118621,3.8371731813881,-2.260067227448116,-1.9248062272915811,-2.226245971042559,-1.5820248024617634,-0.31269509361135517,-0.36372878654199786,-2.4230724904836856,0.5327223915684665,0.22604859841755937,1.1833574052609839
-2.0188707537526653,-0.845043812077955,-0.6279688317867447,-0.8550241395268986,-3.1729455854543445,-0.5830532534046534,-1.3568191767961193,0.5610175653969358,-0.8561796655952464,-0.8531744923321106,-1.3565311307632553,-1.2938286315653575,-3.293050733368308,-0.6601720290509923,-1.9884923948167352,-0.3050098677558882,-1.9428319278124966,-0.9378971986319198,-3.4267340503677732,-2.4867388570367477,-0.2713150397603421,-0.04798129860666101,-1.6680747787364372,0.09658894527470463
-2.4330486986232396,-1.6488024798834224,-2.8937084486135025,-1.731020872501043,-1.8646937032614352,1.2582696105707663,-0.9512120165868487,-0.628846241222515,-3.6608151688666224,-2.8506032623928594,-2.2433535106510956,-1.8214895652612728,-0.23078871180647187,2.752570857118339,-2.8568644041948055,-1.4350189762831684,-3.847740388318794,-3.061324730441858,-1.9042800983614514,-2.336979441718081,-0.04334205251501502,2.716272855008007,-1.4573517979692334,-1.2997995429490552
-1.210081895312083,-2.246617728566098,-0.5453749452285159,-2.21419822271716,-3.60474227269231,-0.44362426177483427,0.7849846674403209,0.5982748841122876,-1.2334454589926223,-0.4375870029659127,-1.540493323005247,-1.703888909020747,-2.2173043619900956,0.9917752966531187,-0.3857448586518994,2.6472015405100975,-2.1293982595920147,-1.2611337170567793,-1.9246913685095037,-2.2705390146175715,-0.9495230154370268,1.4541341688188656,-1.3220136788126258,0.4708180583999261
-2.1152399129159245,-1.9232968405370843,-1.557553620104692,-1.7078315732394143,-1.4989610635140875,0.7764620912622517,-0.68405371445662,-0.9311931265012231,-2.2714583055757323,-2.155109501007829,-0.7701240979496518,-2.1771407563273493,-1.336002747150148,0.982133026947553,-2.3553932542807376,-2.021428128216457,-2.4900076426001854,-1.5055361775568785,-3.646503902833774,-3.1462951669098476,-1.7852324757781919,0.2353100078244638,-1.519601462033087,-0.7130629399906051
-2.5284941677260258,-1.2958251432934924,-2.4478703443962826,-1.0253554199703243,-0.9217897993963311,-0.6014560371319813,0.24870572656176682,2.3063362855225638,-3.4881078003216364,-3.106142699895915,-3.228843713347187,-4.061810420446784,0.421809128028093,2.272990099031114,-2.2636096081608104,-1.6226384885896676,-2.199068940197796,-2.068991134971628,-3.5100985581042674,-3.101500036618536,-1.5826267848751288,0.5528832116459055,0.16118356781548618,0.41029695765197616
-0.31126890262753193,-0.03124427950084691,-1.8351995722270082,-0.08953388166166047,-3.9116903612302103,-0.3694833412362406,0.7919323432218068,1.1759771668165664,-2.1653050971981833,-2.2496796543542232,-3.8470692954937946,-1.735729086733756,-0.9825580555179514,1.013164625603613,-2.736941703805168,-1.6483120601002559,-2.1659698056602315,-2.742232892595568,-2.3809715761851087,-1.9702665314935344,-0.5841385103142916,2.519924661832642,-0.8394294317675882,-0.5453415684838242
-3.0797315504134755,-1.77983258205905,-2.551600653059354,-1.526654999797607,-0.07795409500234268,1.9400411981938004,-0.16334548356519685,-2.1598858278320154,-2.738404487063606,-1.2992180985232897,-2.451699770322336,-3.221953665492003,-0.19786946578254602,1.5574091820332847,-0.3586352858260702,0.19885401813772463,-1.9718276759214726,-1.080866563672626,-2.0750731539871206,-1.7227329212475186,-0.973154243512229,0.400919744618806,-0.3546662484423347,0.2643267011461014
-2.3540628907229744,-2.1122610765542724,-1.2397138713117424,-0.5895927343090713,-0.8169620898399503,0.9053848732229086,-1.3235842260454524,-2.2019362691468625,-0.7767113334514345,-1.2511714862175474,-1.4398390935160832,-1.6522334849861684,-2.382832399628643,-0.0776518009633649,-2.275438554530711,-1.5277519573820277,-1.010959622705134,0.6963498679504362,-2.3042318285268237,-1.7663226497349054,-1.1736069542565182,-0.7670496853573188,-2.7647725473407267,-0.046654552434247834
-1.6705381627162004,-2.3735980022313696,-0.42359161249305816,-1.145023631921698,-2.482447523280383,0.23209662993800928,-0.2751810946596961,0.20445896173292002,-4.456160282895572,-1.8730167382771523,-1.086658315607105,-2.865152844309897,-1.2382331764928725,0.9301296340073,-2.1352282553385793,-0.5470895176780587,-3.1012076385023217,-1.5850294095734794,-0.7387415132669014,-3.6734157160834324,-1.1138333047926228,1.6310789339273892,-2.392759474939345,0.6359108473950061
-3.141789360967554,-1.3922175180302867,-1.9831505423026008,-2.0621035547100353,-2.3403328227608133,-0.6970369233369784,0.8363991907264647,-0.5626002112938596,-1.6934162116047904,-1.1551777556339975,-3.305686741389533,-4.032575949283217,-2.5909799476223587,0.17050240441397926,-0.06599566725849157,-0.37603693684873174,-2.8132721363611157,-0.9285873467942872,-4.102689367824762,-3.814754069615084,-1.7048613002737747,-0.327668275806197,-0.669643571134881,0.042146202168910775
-2.571091768680654,-1.670117153400206,-2.5521516000550495,-3.0039858775452988,-1.476782080629551,1.1760968123353135,-1.023936605119725,-0.6248849171866075,-3.73140463257522,-2.3039552731562565,-1.6652302763786135,-2.8010028231424293,-0.05525489196362501,2.263320703749619,-2.1115726427431203,-1.5861414643895335,-1.0303931080981166,-1.7289851061464476,-1.2677031688495417,-1.4772506240853798,-0.8087204140811663,1.446255291731668,-0.7405625386998548,-1.2474419698895396
-0.7307149756806205,0.10907327637947584,-1.2814085635851724,-0.15383307113843017,-3.594244843365051,-1.3939697478978732,-0.33837919710888903,-0.47260678748519147,-2.5364040452304772,-1.4667617266032171,-1.9113082832080879,-2.449910507467468,-0.7595322966126997,-0.15194229529449516,0.04258433900170143,-1.7321127385826587,-2.561456987266126,-0.9345827803302856,-1.3214649917287564,-1.7324462589975886,-0.9697911663398858,0.7985056716622692,-1.0368354168157183,0.10576800788539234
-1.0401474332875986,-0.6078775310319454,-0.7757050734072598,0.5037117395703702,-1.5091641649188132,0.342071937499537,1.854569893662096,1.5416981598756592,-2.7671513100473,-2.0716346673692505,-1.0812466767347964,-1.3884992428088059,0.6115135473191952,1.0574229169957134,-0.636490961774831,-1.2445757997594822,-1.5369959167714258,-1.2887987086031147,-1.473445081098865,-1.1247284788400915,-0.7681912057028346,-0.3090242200529996,0.19457049340484708,-0.7395648116967912
-1.1693574945885161,0.09360923712159872,-2.5300301004722763,-1.1081427051928776,-2.838866885120017,-0.769660361393599,0.18065018734078755,1.4892914281166307,-3.3616066763672543,-3.3977552394765516,-1.5685678995644634,-2.5785513838781244,-1.2347612343065038,3.0587968745817355,-1.2618120662067949,-1.055242299051605,-3.1171239521334977,-2.0384026087081986,-1.8368450619275407,-2.4890805203781077,-0.9393532224559045,1.549201043327637,-2.1973362790529314,-1.1315272273861212
-2.996630951177672,-0.5686726444873406,-1.7702159575244225,-0.9276413616037613,0.6917106108931785,1.313205865407003,0.6177359589387156,-0.17217689119486676,-2.693161129167462,-2.572130881833321,-1.8030822538626443,-1.5191332044864183,0.228290582904147,3.1374740752525203,-0.7599895154105715,-1.5332700133676245,-1.481012609911852,-1.1452601768911717,-0.6320564201367892,-2.3437688112279074,-0.2639598734347317,2.0290974599995555,0.5815793007836692,-0.6225786567226729
-1.2701179984591366,-0.830946475419553,-1.6901879467213718,-1.2922731213440208,-1.5741781281687341,0.8900908498816114,1.327237849008066,0.5504130867744029,-3.0546376464143163,-3.115977615586754,-0.7832536043491025,-1.9820639843648242,-1.064902338940754,3.3597549251165115,-2.2691395351403942,-0.8586935206224355,-2.0912556939295524,-2.134858721937788,-0.8495260589713476,-1.0725928749365226,-1.6685285304916615,1.0227121791931606,-2.476213884970273,-1.6184548212380698
-0.8376809920627781,0.29294681899750086,-0.6550411784262761,1.5389356825527125,-0.09172053751681068,0.6806987444006124,-1.1792443288047891,-0.3261472569736299,-0.9290223013831124,-1.8248566849108259,-0.5184381086328613,-2.1343243488839447,-2.375142131335804,1.4755774533507493,-0.02284125113378194,-1.023680857208557,-1.7208253982881783,-1.8527205494895216,-1.6527485369098651,-3.2506887005639045,-1.4007385913270172,0.35118669425034654,0.9373612035959361,-0.46980043224261275
-1.5178483785042372,-1.6302749626469977,-1.3137505805956509,-1.223525579200678,-1.8041275498198144,-1.0277970356007462,-1.629577514480622,-1.5329760018821357,-1.4608032293857072,-2.0039014712810332,-2.7378279727457,-2.0786001785124526,-0.9853557812772102,1.2112783324234224,-0.8261630375033446,-1.1633074184875343,-0.9237286102633268,-0.6191345529948193,-2.896437320211069,-3.6683612416640647,-1.0758896098617847,0.580999421810134,0.8190070103542735,0.5480377402019521
-3.1467168435220922,-3.246237006167783,-0.7840328625223353,-0.7788486265700854,-2.299238680309068,-0.3410187773528226,0.13806016701168417,-1.2754148428189456,-2.978329731134028,-1.6234080221967413,-1.656338984076075,-0.9167524161550766,-1.8414957383782231,-0.19436846550595271,-2.7643806919355414,-2.296967970109784,-1.7239053662358872,-1.4602745870012788,-2.6887395272161503,-2.4697558196421383,0.25003475975502115,1.2121276285127998,-1.238165030582,-0.35101261679402285
-2.955312378833412,-1.5474607795285842,-2.229520994869319,-1.3790792509440464,-1.0070354454785841,0.9964689046734873,1.2810324461804579,-1.0065652709845834,-3.126005458202927,-0.7835372756642149,-1.5755980715550582,-1.9296714550208467,0.6639986150336977,1.4637257119947844,-1.2516740080107025,-1.2071635482922423,-3.7483864118994594,-1.7903363697099213,-1.7413467563649043,-3.5590586676008336,1.030479942656527,1.1387229559695158,-1.5694859698603292,-0.43846169871438756
-3.2498253294876758,-1.4744080098046386,0.4240414821522547,-0.3315819233640292,-2.379053629561493,-2.1933386784233115,-1.8222216286300594,-1.635707243062186,-0.7553059425376935,-1.3191854616789496,-1.4411684821703095,-2.2222645096449396,-1.688378854519343,-0.2024090697387546,-0.846731339616962,-1.4161373255249372,-2.2148245639780235,-2.2655633718952686,-2.0572246503597573,-3.3123727930783313,-1.9394141375916372,0.7617955848690647,-0.8313506315188084,-1.1340439023458857
-2.392466496767425,-1.111942341814951,-2.859638032972943,-1.4021703900760796,-1.0666922744904725,0.3086874109144028,1.012278830843064,0.8166852213035402,-4.057583518532645,-1.965742116076345,-1.872898286412169,-1.9065782566890292,0.03796323325699619,1.1015010053373848,-1.3473362826806479,0.05084943805697133,-2.4287453613725924,-1.8940675176151482,-2.7345673636070837,-3.6104128102547475,-1.6605423457335733,1.9079466896476014,-1.4146978674707817,-0.0949656142416557
-1.2476732608130714,0.5743508263778375,0.6939817673290122,-0.07232623303043971,-2.1842115512693647,-1.310381288812833,-1.3650489927748324,-0.39661045058786487,-3.2650888778572127,-2.195023734509489,-0.8231138884373227,-2.118008380013304,-1.3030563427381905,0.8306803535939422,-2.238272547102475,-0.6457563435116573,-2.634137448969451,-2.172786607725509,-2.159849741063921,-2.361185756065636,0.19934949876792232,1.7382887000571363,-2.3683894953627576,-0.6340083620858898
-1.4291546191657785,-0.9591526257856624,-1.1516871276974587,-1.2389286320750625,-0.8132398128516232,-0.7784229309700197,0.31716616217861704,-0.1981068244409986,-2.6304290786626683,-1.4615957841808933,-3.7181193736656337,-3.275366146568308,-0.19698459096235005,0.5654940497468737,-0.3765642517479769,-1.2928267525650778,-0.8220260819631028,2.1159659112086775,-2.251992069857162,-1.539839635984419,-1.918697349272775,-1.132583822432553,0.538602275989761,1.4190668841425438
0.10842063647458243,0.2532079052407213,-0.06853107286906303,-0.20281984173635553,-1.9223733899359345,-1.4808864296470436,1.0010453216334412,0.7481290757185413,-0.0474778183249212,-0.5704613777112941,-1.5972070101149836,-1.5424932209802895,-2.7508260590690883,-0.5386128717717763,-0.908743864774294,-0.4264821977695271,-0.24003569245471232,-0.8355167932175482,-0.4332235921227156,-2.7749253525816484,-1.760773418324345,-0.09786142127065986,-0.05232330905651131,-1.0436333425315043
-0.25435844754545256,-0.9019206570301189,-1.174598337978336,-0.667405503054384,-2.52820177443611,2.0143300533736657,0.9968896207860002,0.4218957229633713,-1.4159540669220265,-1.8271285981765832,-1.2821880090101192,-1.3977428892712227,-1.2433077187131236,1.2244311305675133,-0.5910951729852563,-0.3476571585217437,-1.0760060530720283,-0.8725068305634988,-2.01883850194804,-2.2976138706219444,-0.6313516333028649,0.24524574659207668,-0.25511157160907766,1.2881072759366254
0.04413130963203092,1.0586520364370806,0.12786062661816786,-0.310408277872914,-1.3199871712479412,-0.6719679172298604,-0.022307159935461653,-0.411929004590903,-1.6637950147727072,-1.287680548313587,-1.094511979177144,-2.560421436499034,-1.427887837540758,1.073555843460502,-1.7623674225044097,-1.1860074260985711,-2.964497825084654,-3.0079708964405043,0.12525203363411352,-2.3394480654212066,1.4629525389187938,1.2659355604885927,-1.531767938812742,-1.3536329865999337
-0.48304884954760924,-1.1132772329770237,-0.5936184966628585,1.0016745486301806,-1.0632137380168503,0.6400574364461191,-1.4744086181476004,-0.6332163517277655,-0.9724885355035237,-0.4917626707798473,-2.705735550715948,-3.1982282096930676,-2.282647486241451,0.5102488097057436,-0.11537575955150134,0.4760024522858752,-3.0744471690110426,0.23958939029298373,-0.42792062538749837,-1.9553639260936153,1.4530766169782063,-0.07246725715486098,-1.4268319034205947,0.08739261062661836
-2.279031911177175,-0.1823825938805251,-1.0273098639236407,-0.9164695529348146,-2.437385244072492,-0.3658005068634503,-0.5639989120069098,0.3796659385732646,-1.621542022850418,-2.1085000674594143,-1.48591912407766,-2.328139700879467,-2.0537259041813978,0.5488954976296573,0.3146084257579019,-0.7765189180771666,-1.3252076693375563,-1.496942770286891,-1.5018340797829826,-2.6065297891262498,-0.7951173195559375,1.113100102054315,-0.11475722917832397,-0.879932777528621
-2.2316828449211012,0.07865857985084103,0.14080435334815966,-0.5882822979989871,-0.8222598531335673,-1.0402850554763121,-0.250024610647073,1.0038033306309182,-2.826920258261801,-2.24067318072192,-2.3825930388400725,-2.423980195423958,-0.8158274053584762,1.8545454536413344,-1.7742060971190337,0.11762086427148243,-2.6227158599648686,-0.33427999752426796,-2.631551093891639,-3.074127135046401,-1.8748169418378526,-0.4080429023529768,-0.9562136214413202,0.5449135247406313
-1.4029680934705848,-2.8600471848868487,-0.7627786995343308,-0.8030689055412426,-0.7881966588668521,1.4180307987158898,-0.3417278134377291,-1.4906971191456762,-3.268586849152741,-1.6104303670905766,-1.8444490038562347,-1.6917122132493598,-0.758607073759714,0.8173248870727777,-2.3730700769439705,-1.811974040612529,-2.6927013647428666,-1.8138412898822038,-1.459017848070101,-2.1826060420763507,0.8689369818946889,2.3160031426712404,-0.9256600607467733,-0.40814593923217424
-3.13094802602882,-2.7954728916784153,-3.14156860153067,-1.1884001093689451,-1.2182335778505016,1.1521707594066537,-1.1410530041917917,-1.0787938507400014,-4.0440387118203285,-2.857358548653431,-2.0263091177068984,-2.2016263635143973,-2.508288682652148,0.9458596092271399,-2.387329429368654,-1.4606514975736504,-2.9758516766544507,-1.6165089880177397,-1.999882934844815,-3.47978962550635,-1.1409006257809342,-0.16671553534419492,-1.7405928482196849,-0.03849523658907466
-2.235949204139537,-1.01534394997339,-0.061458419033794454,-0.6171057068963748,-2.403511603394238,0.4596712432999976,-0.7440746569618495,-1.1346028392677712,-3.80029491456088,-3.3041400589471004,-0.27837422941930373,-2.3239917074860337,-0.5584984153084327,1.4708289690172183,-2.7996293521886653,-1.2793355669708955,-2.4762993279373884,-0.571800630769721,-2.0753950728070687,-2.7182747471962454,-2.7370687148657358,-0.17958310237083477,-0.259092251503468,-0.4067569485426721
-2.49493871118371,-1.719966098347481,-0.7237974642142901,-1.3284737585026878,-1.208711453714319,-0.02535257648651529,-0.524586648867112,0.3238941800563993,-2.504475296429498,-3.0853192415969573,-1.612983879013413,-1.0327922468347226,-0.679949415514603,2.259748486486708,-1.7488319108698347,-2.7032544509556944,-2.2945704819915833,-3.2109229610054615,-0.01014959206949118,-1.443610905159744,-1.3163904855251596,2.124856187612095,-0.5378040137488379,-1.5382323748847748
-4.127346517510677,-0.9014287437067803,-2.623030993646744,-0.5206537311183385,-1.2817629832365849,0.44348793694114036,-0.4974889846167337,0.8245669755403259,-3.6167230229558345,-0.8944749424234052,-2.3025778185576757,-2.540160568520147,-1.6693960972452322,0.11212071553286168,-0.5275373301987497,0.505648616267109,-1.9280083064794906,-0.4859661066411545,-1.5701132981461265,-1.9761185789522502,-2.205084626300238,-0.1413211996189487,-0.4850115453948289,0.03271554365460582
-1.2168144614388656,-0.3781761897308647,-2.6668395938084326,-1.6634222028708698,-3.065722485362984,-1.0160595151135468,-0.11076469203115945,0.6146296052170291,-2.384112723256744,-1.869574815191947,-1.5121133104576028,-2.1203169193997278,-1.7345999294160523,0.18881850871238104,-2.8963342194455124,-2.8458684978031474,-2.053538326807958,-2.985323426466016,-1.3804544835972639,-1.7248513492571926,0.5420015155782228,1.7172487963186114,-1.8598008905265917,-1.7591452796686855
-1.9528620907897072,-0.5662973166318697,-1.3492897224223555,-0.039843568470036554,-2.3036191470339613,-2.180269379750121,0.30478166609663254,0.8493628320929562,-1.8089876899316877,-3.401173471025934,-1.33537371400485,-1.641296883961862,-0.6468666706724813,0.9604314919076016,-0.8627612666451642,-1.6252287015483842,-2.6689547060567698,-1.8912239412028684,-0.35062789271521244,-2.1516281326619255,1.1190698935036767,0.7297378228972571,-1.6423572230630739,-0.9665189861307435
-1.4587139250384593,1.4663707188819728,-0.718101137167075,1.506720655537001,-2.3348125858238196,-2.4005902594210364,0.20096865780864642,0.21836550191079665,-2.9327315642957585,-2.8775031323211357,-1.3671531664924883,-0.41437488354509716,-0.03516884211838471,1.5907562336676422,-1.6678872003789098,-2.286001968451358,-2.6445411338892906,-3.2590903425438786,-1.4577808051353296,-1.7097692116229708,-0.022829638121271926,1.4571064202218174,-0.7407096970220927,-1.78486534001073
-1.040978396809023,-0.5362114391891026,-0.5457360583070666,-0.11568782575929662,-3.270899070404273,-0.8686712177370866,-0.9557389436817126,2.149266128228201,-4.377465172428062,-2.439430372785477,-2.648641159456848,-2.43845751213999,-0.29241069258917324,2.197179651462263,-2.4109852619233574,-1.3173996733852278,-2.921591371821382,-2.0367409585614547,-2.6350390910055634,-3.4629765461133206,-0.8496306067839359,0.2820257202489286,-0.7528031763526368,-1.096271396795301
-2.508454802668676,-1.789962121109206,-1.953973919377839,-1.088389792564468,-2.626881201905534,-0.7363799586977662,-1.6821751718176687,-3.224130953799008,-2.7781639593045013,-3.1065727065270763,-3.526397866923906,-3.588864734943184,-0.5888318037517805,2.190515237797062,-1.2257939356554777,-1.2777605561477736,-2.3582726970905563,-3.6525029711978725,-2.9644107454639634,-3.6173587638087765,-2.228990613542333,0.6635730462594924,-1.802850914063841,-1.3389520118203906
-2.3619212415765753,0.13871694415600327,-1.9211089661237095,-0.17561904918041416,-3.037984468202495,-0.699767964133812,1.12761382581515,0.9657108931015715,-2.615127030570532,-2.58850652509921,-3.789680587585139,-2.185794228969987,-1.8825506742429559,0.3724575369702271,-0.8026808425117408,-1.7037323461358846,-1.1880832611832783,-0.9231578188562797,-1.354316597498594,-1.7257641804578707,-2.180685592479323,-0.49223455094572754,0.7628512656670234,0.23669713408380053
-3.4200571760108396,-3.5088912812218545,-2.1745960005574196,-2.4584877009825727,-0.8784339601977806,0.8114170712688222,-0.7472811543413322,-0.027250525296876826,-2.927447786194,-2.5493709692584106,-2.5382580658203193,-3.226760774021594,-0.7852779420764493,-0.3482316843246816,-1.5205192142992592,-0.5035225808943817,-0.8394468611006697,-1.2367333240182756,-1.9495080040033501,-2.393044364607586,-2.0713246574323017,-0.058360187670349215,-0.9164973599810385,0.1067540157520482
-3.8888184464955553,-2.872259241721112,-1.8817478214024645,-2.3300571608618523,-1.7617907216633835,1.49741326559198,-0.9282199445693858,-0.5409983069634109,-3.8389393282738684,-3.3347043471870292,-0.9489472827440728,-3.6936877288170242,-0.3661800885358717,2.222659027602391,-2.3778424034729784,-0.6192641563545165,-2.0984573459467164,-1.353042314260308,-1.9969708236703787,-3.5453315959497655,-1.1994683343973285,1.594884017319178,-1.4121158564870206,0.4775021519469694
-0.4264478414369176,-0.3203351037550751,-0.779204343152638,-0.028107078571222344,-2.171576750244639,-1.5802513336308335,0.08639609367510058,-0.015095784148493361,-2.795739791173755,-3.1342464779650028,-3.897069253882222,-3.6085997954983706,-1.43036642560136,1.3141273489996288,-3.1684349909471696,-1.9622228142832299,-0.7598064096793645,-1.2694611875384842,-2.7225957675101893,-3.7520374551836344,-1.8141601295921372,0.07768294431925432,-0.7070865892142553,-0.2929398107465875
-2.239440209073941,-0.432863142474321,0.23043468619707322,-0.91848279529734,-2.845860218781266,-0.6615921671380242,-1.9855112285949943,-0.6621333569219441,-1.2440332503202136,-1.5900747988737833,-0.2888195556177864,-0.943247714978114,-2.9873392848853437,0.024429713592745123,-1.401364228961978,-2.0225697129939118,-2.6441498022905425,-1.8089378702808137,-1.6936856724472744,-3.0304874138822515,0.2984367744881462,0.9033476179331128,-1.7508805140724646,-1.729548962918409
-2.951824129396624,-2.061211709299206,-1.6092828200868634,-0.40055255395625383,-1.1430637227424203,0.6027490570563971,-0.018084835038275335,1.504226456727026,-3.9167129096900126,-2.0377133411613646,-2.2004520513434622,-1.9616742959823779,-0.43180744107602087,1.0559535261348623,-3.1413000476347546,-2.9425631210023098,-4.369327526882479,-0.8452639063627895,-2.038546629692478,-2.8806149858641406,-0.22283280513974457,0.7566994338998512,-1.775276013533828,-0.6440362095255956
-2.4462318260624527,-2.2633970009796434,-3.148072343066982,-5.249361626124061,-1.2999250240480844,2.06613685174808,-2.0496948481612596,-0.7822133572181679,-4.267930056543558,-3.5433449031805764,-3.1231782831449286,-3.7374787384736954,-0.8762535914174719,1.8878430985955652,-3.603413732231201,-3.154214909331302,-3.677535595688656,-2.850463743198771,-2.1765100464993985,-2.6644133781304475,-0.5032628462831608,1.7825026458855546,-3.6164016208482486,-1.4784473079191562
-2.257976113309149,-0.29645677184294594,-0.7440774968739484,-0.09668480061878286,-1.8456083095151985,-1.3944370164062483,1.6727310027082547,2.6380049061325077,-2.870729710516643,-2.46176921806386,-0.38673899134186446,-2.1154189025258185,0.031185146718359615,1.6198733157822958,-0.8498511243350015,-1.381522950787457,-2.4153712605353452,-0.8863853796823782,-2.6860146240478002,-2.6456705230098567,1.5304278046784605,1.320199325619103,-1.7301552598836454,0.0183988838016614
-3.773014449938459,-1.644364167131023,-0.9161887645037853,-0.6756389184862961,-0.8877713479364123,1.1622577655248718,-2.356416583602887,-0.7599576529876573,-2.8932821416947916,-1.8495682199925212,-0.9365367373324895,-2.3592898755528626,-1.939559628295162,1.1444901732820951,-3.5462563220494094,-2.533890935851658,-3.0826235605941434,-2.7088245991940094,-2.4952740585254527,-2.8337104990359143,-1.0308069462936966,0.8601571444382257,-1.6473527177494458,-2.4935148991712808
-0.1566679483058784,-1.1668828818445287,-1.463123876855914,0.03582706608047123,-3.4836346865686325,-0.09662582188360985,0.9717270148840019,1.0900403234380016,-1.7507557938203269,-2.249209615664447,-1.3838129465398392,-1.4819821525995922,-1.600203378555813,0.9168306657720149,-1.5521711284844635,-0.6084943808730249,-1.0168616204659415,-0.01520096007843338,-1.4076449185638003,-2.761098817570524,-1.92966163466119,-0.2231397883803825,-0.3194210374289469,0.8211158102971914
-2.7989406115714166,-1.2577534483064228,0.18452963956301285,-0.8265415301464483,-1.953931094517682,-0.8019754740950139,-1.3784177752859958,0.4852142281341025,-3.5309069676651528,-1.8379495397243086,-2.5470264092738715,-2.257941288554932,1.264855539092913,2.019798991832374,-1.609622931855623,-0.35308231522568606,-2.6329607724141257,-1.616534494644763,-2.527111493093231,-2.156298708485212,0.11653328028803676,1.065601273482812,-1.4681093916547319,-0.13415961767031415
-1.76680837059884,-1.1497446430756058,-1.2978302072843222,-1.2668137097706003,-2.801502066952113,0.10585001823880824,-1.6072300771164947,1.1249330185025317,-2.7309472186982395,-1.089098692270168,-2.598809821502834,-2.215211414665062,-1.8660609672925517,1.0285092641757578,-1.789172295303659,-1.2724061841423937,-2.9488524994024035,-1.0051872308935907,-1.9743548965339646,-2.791935559280853,-1.8107332439815333,-0.7837481311728999,-2.8174925878959844,-0.8924409709481517
-2.8215961257408244,-1.981661048282173,-2.710792305890813,-2.417067337134784,0.17590879636710452,2.299273473200979,-0.04473330474443123,0.38768627341235373,-3.521927171183364,-1.9998714341775474,-2.7432751584251953,-4.077354592941357,-1.44190598852708,1.96726428028014,-1.9352601647782537,-2.24083014748128,-3.301928083701367,-0.21273535052580048,-2.605656863352789,-3.3591675344522005,-0.4167390083584024,1.5999163667658745,-1.4340856735319667,-0.4904106926280413
-1.9355465367399727,-1.9405066616246889,-1.3894716931024451,-2.058856896194451,-0.80621914982961,1.7444379553650338,-1.6144469129607877,-0.9198715190511672,-2.3232748592606134,-2.786178614530042,-1.8105439874242086,-3.168346031993171,-0.053404996912973964,2.663821856923644,-1.1173104722432532,-1.5294942295922604,-1.061409438904388,-1.0847498501622057,-0.160181634245939,-1.6928285844752171,-0.42175110384794245,0.9194420501250686,0.8399850410201684,0.10530678338325537
-2.109955460885249,-2.395984541706157,-0.6486923539749259,-0.9650472987084426,-0.951935872629664,0.40059788018488407,-0.6580863522970491,-2.127191913031902,-3.359140202370086,-3.301920009240537,-3.3137430435000024,-2.5162074915398986,0.010179235911848638,1.7016740287852503,-2.2437442049692358,-2.8361196614956734,-2.3635780410915794,-2.188929474235482,-2.815389593917709,-3.9593439042562153,-0.6462919500266928,1.2225321637708253,-1.1353650081702074,-1.4642578689328876
-2.48673249390618,-0.7431468506483365,-1.1462788380112556,-0.3586585834167096,-2.097580076885322,-0.137887967062856,-0.6854337024949029,0.4981300530340923,-4.187256957189021,-2.891415657496222,-3.1039903270656333,-2.0737469791338325,-1.760563218386329,1.7498725998860263,-2.6603763527742754,-2.6455525559627935,-2.6030400684582085,-0.5471952444724,-2.5486715573862764,-1.1036236163909463,-1.3596929189974112,0.5616078400089375,-1.334358289742839,-1.0887032262867693
-2.2565533814154657,-1.5893200197642452,-0.9594767975661854,0.72744367932245,-1.568253606746154,1.8561167972073551,0.714444069491009,0.42737046852036414,-3.908732137372943,-3.0366434175957244,-1.0660496111195086,-2.063828486781965,-2.20126392349675,1.7967357383287899,-2.631277377361678,-2.650910299211575,-3.3181742649475345,-1.1526986872491665,-2.3871496183461893,-1.329516374482297,-1.38242630230317,0.2639414088607118,-0.605733787337228,0.6786925216093944
-1.9908117077225767,-1.130949965141465,-0.7449959611785345,0.6357284056160176,-0.7925506007287482,-1.03188639081802,-0.19072035142423627,1.8754355412246084,-3.5390945882324036,-2.3845042526586107,-2.63281360891642,-2.8152971584486126,0.033016400977323425,1.2136150331245916,-2.0898006109268543,-2.039446748387465,0.7483113894423509,0.2261116069688248,-1.1790096147457783,-1.8620331547562625,-0.30677290836545235,-0.06750891850390481,0.45634783216217056,0.6853256888458698
-2.3871652484399997,-0.7732910317816855,-0.37195314758467124,-1.8173033504410134,-3.5100450280137423,-1.0734337266606555,0.6397730928467142,-0.5885406318743502,-3.264078024726592,-1.1888982681457887,-1.5665166700988145,-3.1672010277252256,-1.1606601176096751,0.18145331342768398,-0.5948446049937235,-1.6614309569307473,-2.70472634530927,-1.0772484187404394,-0.6680672654405276,-2.877177039576032,-0.18646423170421444,-0.4430397339622205,-0.047533377703031135,0.021497535392094425
0.07273024610199964,1.1442390391216117,-1.5008549217739433,-1.7083635792445013,-2.144463874977862,-1.380142492673018,1.5456412412297702,0.9575227349531689,-2.9183257412758468,-0.5405357731197947,-2.706378356357348,-3.038417017074562,-0.13109300329012769,0.8093180968595537,-0.46468524042390236,-0.4226241056867932,-0.9849340060941364,-1.1938026148970775,-1.1614789746859,-1.6663494088092625,-1.8924332272259508,0.5371810740166402,-0.5010224769069951,-0.6636718342033555
-1.0831188361324189,-0.3659406244637734,-1.3380139507428854,-1.8426608836708052,-2.9320453847240087,-0.89270381311344,-0.17236293639941871,0.9790948935582211,-4.474139450815731,-3.3675532790530798,-1.515018103151321,-2.280066286975005,0.7047746975142154,3.684214073706328,-1.884510608906751,-1.6892426969575227,-0.2934318604185032,-1.2109294594778666,-1.6389793361263933,-1.427807016724826,-1.8321982683727245,-0.7605956255924351,-0.3215461503256548,-1.438900544004278
-1.9965511352380236,-0.13626795986249296,-1.3289703540685613,-0.7622745271492105,-1.6714728972509498,0.23883940228320347,-1.0479196124897678,1.093918436874345,-4.3065805970383675,-2.4974526946051685,-2.150349017484154,-3.0802130021162584,0.6149659071946972,0.6623234457728789,-1.3788132314545996,-1.4347525085812867,-2.777764320708515,-1.6465575693877084,-2.368287238882811,-3.439728439517988,-0.7681862923382909,-0.541438155398318,-1.4667721204220139,-0.006646196288858837
-1.7483552601889973,0.7779315934616468,-2.561437305807343,-0.8870689096522382,-3.3509482495573,-0.691865184462723,-1.181447073925082,0.9215276283224568,-3.419922519216237,-0.8264652515166541,-2.6069470879239005,-1.2305483330038294,-0.9147387400192577,1.0296026751979042,-2.4377349493366314,-0.17373844239323757,-2.3634229831789684,-0.7841869909572664,-1.9795235466954266,-2.3216750915849285,-0.8680686636256931,0.23577196936102635,-1.47982151885773,0.258834934270998
-1.521772944355033,-1.5241054042380906,-1.6573839806663802,-1.7827188869816395,-2.3466522242126095,-0.7980968240714124,0.09290469451976541,-1.4067610486778386,-2.6341905935691936,-3.8863636873351277,-2.5122970766994426,-3.1362831951999417,0.4438023999671946,2.118405119304461,-1.8994483133492162,-1.7722479846097643,-2.5488004915590854,-3.145729311692783,-1.6425145434347401,-2.0779234352387883,0.3625296879462292,1.3406687138955744,-1.9257546295772565,-1.8554045713808967
-0.7575306494105717,-0.10085579116358656,-1.8325743974634356,-0.37682269672685664,-1.0642135410670783,-0.11690818015315646,0.2196579696318736,0.15474050918656349,-3.4642839257894265,-2.0565503006511716,-0.8133396278197798,-3.1346539648918483,0.26910901854859287,0.3631097652802606,0.5937417405954662,-0.6108421954999458,-0.7513777014015116,0.3216693736585269,-0.6700374409673351,-2.880324134183829,-0.6761133185509218,-0.8120846790584958,1.9521139555602238,1.5547038136951354
-2.2040752367359904,-0.21915527112741284,-1.2952230448570472,-1.278797953059969,-1.4555050528023388,-1.118499145596764,0.6751457564733176,1.9201611000218377,-3.167279703931067,-2.6464694551575585,-1.69321714684946,-1.4597908630992391,0.8886586141843013,2.2726449522804253,-2.2060162481898953,-0.9737644077036993,-2.023801500130988,-1.2454237628779554,-1.4602992165440103,-2.7336846446406406,0.19243220519365398,1.0159942393539254,-1.4698638301637148,-0.3635763120919746
-2.344049402680134,-1.0961705569924185,-0.29408636164663865,-1.463738703226217,-2.0754288727527106,0.7700459314976942,-1.3160984417781587,0.7615727776075242,-2.7656833988563423,-1.8982868707979563,0.6202889322792556,-1.9081525415897376,-0.21130808786416355,0.21279120837867854,-1.2347770514013008,-0.7844448176760705,-2.663959616179106,-3.1009631871979186,0.9761383540768871,-1.7466279062398073,0.49489239261706847,1.0947178570368397,-1.7297452584331026,-1.7701824480031938
0.6463925583791901,-0.7908662797110277,-0.6387108283263698,1.1495847049150723,-1.3839295152700841,-0.5341250016900597,0.9883070455300995,0.4724504922912534,-0.7774435291109029,-2.0453882890884563,-0.7663960369146461,-1.1968072282667723,-1.1361245349716695,1.5005278214144744,0.6355680803496185,-0.6653575010995637,-0.09660271984374483,-0.4323247510089277,-1.6110737321210082,-2.296717573598117,-3.202427423630108,-0.7679978043614003,1.5597852669289767,0.17911642605267755
-1.0351512502774904,-0.7877315424517402,-0.4970136588153339,-0.5523312719042286,-0.41019581790050236,0.2862588850971314,0.26224469028303216,-0.8217287132942666,-2.413918660099913,-1.4467307451540914,-1.2211291341250383,-1.4745026380541395,-0.6913739579676631,1.233033026769444,0.08931539730558719,-0.8883748448063408,-1.1316093857317056,-0.6424503883587762,-0.6953521124109316,-1.8079885699166087,-0.936483171192394,1.1626916071226971,0.2351274841307374,-0.1307230132547399
-2.7879298579066636,-3.116401682218954,-0.40703002480436523,-0.9274225143678108,-2.132149654725268,1.064751143397142,-0.619819920359046,-3.0615552160579886,-3.048496411451651,-2.31123151464324,-0.40535655385772607,-1.9210800221952888,-0.41297083912181476,1.6924599276952699,-0.14466372114415174,-1.0419021070333017,-3.388923626593731,-1.0647041853224544,-2.367291578336868,-1.514961217977225,-1.1385549550658516,0.4967817126452903,-1.4275458092739872,-1.2888062676505299
-2.6436785415430375,-2.029077018776943,-3.5854042542262192,-0.9842627582727,0.0914061411627681,0.13547188734398713,1.0041569659486633,1.4942253294482106,-2.8340861307097587,-3.7612932368266883,-1.7236538968998574,-1.478568650701238,-0.8615060483813186,3.2546311712736387,-1.1846411770523861,-2.03583968420818,-2.009603223314057,-2.3599369938776573,-0.729829506267627,-1.729324789810687,-1.9227670998521125,1.8258194948207782,-0.8724827139720355,-0.484865338101071
-1.2260823347495344,-0.7399792010969087,-1.8248066441841708,0.23367280913952637,-2.8920358656362466,-0.46710126399564855,0.727932089979431,0.31615143799527035,-2.8165786796213896,-2.9032368127814974,-2.4489568933818324,-0.8293409746922245,-0.8178197419540446,2.0083674924720523,-1.9673981541888539,-1.4934527860700342,-3.6360350666504755,-2.069536862589385,-1.3587879661062532,-1.7054457449439915,1.1897511454882133,0.31936425879260594,-1.851084585404506,-1.9743542051171032
-1.9092166723242896,-1.3647895335712457,-0.3400344510491192,-1.1025580254003904,-2.834858798502768,-0.46723709006612457,-0.27370683603156687,0.49292604415317365,-3.8747948411388164,-2.4715702245106943,-0.5250412489393477,-2.8490526596153023,-0.2975257766037085,1.4144044316812376,-2.502771021677514,-1.8620691865384607,-3.2273105745324195,-1.8775996004088726,-2.5616220229540567,-3.0010243741513998,-0.05060257160388596,1.792383450104493,-0.8842251406078299,0.3140948018004527
-2.339818253899631,-2.210281982747473,-2.180941325936474,-2.3527824861453213,-0.47530372366642976,-0.3062429650250237,1.0559284165173288,1.5989444837887663,-3.1514029587465857,-3.6749418018441,-3.556231351017858,-5.359585557681104,-0.7233992941562812,1.7401011308549281,-1.0618040119387142,-2.9748372756440142,-1.514603541283607,-1.4660452088865799,-2.5445969655984717,-3.3913198378327465,-0.8123552626032866,0.8682506256039503,0.3380638207016069,0.5234022128899246
-2.6688656036540026,-1.9625642656259956,-0.2975738066046028,0.8587556258296005,-1.618843325268449,0.8331781016438519,-1.3031692674484951,-2.0258107042204707,-1.9670310611739488,-2.6389579080475625,-0.2821955244419135,-1.3880284234474969,-0.6981444367705779,1.2418377538987948,-0.7821333147409731,-1.9646562995945591,-2.592680653668632,-1.9222590042926841,-2.0653786091120687,-1.746758084880663,-0.635327531786657,0.02707991521569098,-0.26222504164261345,-0.3587716597633441
-2.952178199909508,-1.879048059219122,-2.2535674300935447,-1.72423490454042,-1.5115025446484927,0.6609355362503742,-0.49575299631300224,-1.01640792347291,-2.1363019272986694,-1.8523187492076802,-1.8237932790643923,-2.1874878487064064,-0.49054063093534045,0.5724951681140072,-1.4931337012943615,-1.0330300564925687,-0.4053357040449781,-0.6326438557806686,-2.7067255386771922,-2.488954696552781,-2.6716841953801165,-0.0680888669047658,-0.3237302330696271,0.39241863136206706
-3.307366551051813,-0.2734080497129101,-0.7197128032904828,-0.2434028048646424,-0.5186518399965503,1.0025131419024291,-0.014373440879090474,0.7065951171074677,-2.50848690436491,-1.8343321770312162,-1.0771741023902517,-1.742541799375802,-0.7108697528112075,1.3223872585823222,-0.6155334131121456,-1.105593021471113,-2.6307063603078404,-0.8341038165322113,-2.466493310739605,-1.9235055182327443,-1.205839782771525,0.7829218104392573,-2.187718199489432,-0.5911148822636554
-1.6808269723704548,-0.667306602309178,-3.7446246559264456,-3.174825810989081,-1.6886258550354474,-0.17210240119300452,-0.013528765736319988,0.1517204628054259,-2.54847080580983,-2.8639930495984114,-1.6691837757535046,-2.4653942471041126,-0.42863858312265546,1.254266776292959,-0.8334727417787878,-0.45582760893311997,-1.4145788757437887,-3.260941751974214,-2.18474027051925,-3.0385634853013728,-0.4804112114274698,1.9294744063679765,0.018157469121878326,-0.18113561443458392
-2.0244916891856204,-1.3092766111094285,-1.9867062158259818,-1.201513810988782,-2.3608692938230758,0.005487705932392997,-0.8396776265632729,-0.3922340280511164,-2.7054804489548196,-1.0918016075287862,-2.690947216628956,-1.7217195168424444,-0.4254149437153409,1.3414564977354735,-1.2328359825308612,-0.5181277548215372,-2.382827208695305,-2.3535477675848373,-1.096450273471611,-3.345376435054659,1.2106034532855756,1.8487723228523103,-0.6080425062376188,-0.37158079358022483
-2.20579698077539,-1.0939501210309523,-1.6054029031702337,-1.5697968886212856,-2.781996758822118,0.03755123042757543,-0.6209653145100454,0.4519030838166235,-2.7261431862888488,-1.8191315279617108,-2.278100473738629,-2.79767580505042,-1.2460865613809227,0.7572690052478801,-2.025521686098911,-2.6943487729779703,-1.957907331761034,-1.0090072626468816,-1.6909454977306806,-2.3116253378826133,-0.47537536817514137,0.19396331765622374,-2.3108287140505928,-0.5618015249760829
-2.934074270186073,-0.9828129860464274,-2.717643906277975,-1.544181848006006,-1.8538718408146342,-0.2226369580239052,-0.229146334894556,0.4620594565747178,-3.6912999242934625,-2.0467812518605233,-1.9011419427292242,-1.6358581171587032,-0.6558323875925164,1.0912216971618145,-2.0224528589000292,-1.5014319901315833,-2.560060026970882,-2.8183800492873714,-1.8748213783723247,-3.0060377170247863,-0.012552934758819679,1.8873859436385985,-1.4884238489529908,-2.167017169306635
-2.148337616363701,-2.520753294970394,-0.756771709451235,-0.39745337987298857,-1.4542168124046506,0.8957217948190324,1.2950265978483082,0.10249870313517442,-0.2970400790292004,-0.29441505756090747,-1.2935518683146268,-0.4296579068814921,-3.1250037971246853,-1.2398063582285324,-0.9977616009699409,-0.12665961183996818,-1.8091348019507834,-2.085853919242354,-2.807811718243538,-3.9150645158764243,-1.5001045829735722,1.2107704482282928,-2.0430637119519486,-0.9962752510605658
-0.818248388030327,-0.9076771520333685,-1.8615184730044365,-0.14436863474430298,-1.731194985833072,-1.7881252143783766,0.10551487810738602,1.4416092748520806,-2.631756816557669,-1.7291267705829663,-2.4816618736111535,-2.6080449303072073,-1.0463704390482085,0.9435368519639513,-0.35623024216170346,0.0696600606924093,-1.3561298193466331,-1.2890718231901892,-2.488636228784194,-3.340326785750672,0.01697225204325343,1.368485398220166,1.034501806091296,0.7429695603502409
-1.3277061286774647,-1.9911001254288585,-1.9866595453142346,-2.647884339221219,-1.412184392904749,1.2229420760322092,0.6440888426286479,-0.09981076331765229,-2.2626802689686945,-3.043871751743838,-2.5649053182403296,-2.312242406716286,-0.3575362388952571,2.902462608308278,-1.8178624869446474,-0.7218488708927466,-2.4723845250977527,-2.9684403804172836,-1.80114371506852,-2.752486447848039,-1.078737370246004,2.1294602217350076,-0.6069935335671868,-0.4873160811389247
-0.8252304437663615,0.9297260227288822,0.2747429742274165,-1.0427029373851515,-2.2900605518506887,-2.048549281802778,0.18799400343678407,0.8022139289761977,-3.6368879858705765,-3.1594862548424945,-2.6667701156670307,-2.8865322578083368,-0.9103065110680634,1.3588679651705509,-0.7142050789837884,-1.5501513986547772,-2.2564418030126694,-1.9379378673108396,-1.2537320886685297,-1.9617650555387307,0.013373976197899089,0.6917802280130461,-0.5703106761307218,-1.5830691809937982
-2.4552235875752983,-1.3567425969459073,-0.44004263941911187,-0.16448964326977825,-2.921707973141276,-0.8345201711065164,0.15137769774376358,-0.5396098155380585,-2.2356335827219933,-1.3176013089827832,-0.051119665814905554,-1.6028291793577853,-0.2937772796950935,0.11291338468700389,-0.40650077803330004,-1.0793805999462938,-2.3948145734700597,-1.5803398674954068,-2.4565340559964652,-2.115024234726177,-0.7490826229096088,0.7271598495086866,-2.3841467861059513,-1.0940765723846506
-0.6693660091713118,0.33042697545381744,-0.6353380477910551,-0.20414381604539375,-2.4174689597122274,-2.7266175633212217,-1.69669145519345,-0.2879457252249206,-3.584841845977859,-2.0437477563587496,-1.976375625406722,-2.3147306626206428,-1.4277290330507504,0.3513586846917376,-3.093800017643392,-2.905969251632834,-3.3592139797179863,-1.877255905067741,-2.8204082178031356,-3.544500701570797,0.050434926671948634,1.1371385300970607,-2.039129495334411,-1.180185525804312
-3.373487697376664,-1.323097559962342,-2.8113342851278236,-2.1247752652069813,-1.0153039960848804,-0.17223114141963175,0.04711979501637614,-0.4973598622478541,-3.3256118659213207,-2.37574673454244,-1.7667862380620447,-2.2749274658635583,-1.4238338938874457,2.342266407332636,0.47767951526311103,-0.06825855963153134,-1.9903807562260911,-0.9016477298873217,-2.3152529332833383,-2.057089792088548,-1.2162031894866001,1.5085291258604612,0.21815745552225105,-1.0263696146951733
0.3086156901012944,0.23833373815925554,-1.0829121367717343,-0.21305332675232824,-2.7475319620805285,-0.8216831607023611,1.6246273515769327,0.7131371805858265,-1.894705453974105,-1.7869203941956466,-1.2447628188166435,-1.350262554077214,-0.5599566876086847,0.3399214533642353,-1.6414847661375687,-1.7767043951910972,-1.4227937136592332,-1.1447760080290135,-0.011853652923003501,-1.1177952317489928,-0.6388530929657911,0.4594434530493617,-0.4915932862323821,-0.7276963746353491
-3.110709575886732,-1.143162035849845,-3.259704832761659,0.16559661503711,-1.5960481660830093,0.8666413772990376,0.46443445773296554,0.5336384039049189,-2.4675882888681837,-1.768950027461703,-2.0041908435966422,-2.4806878279923983,-1.4162312271380149,0.382210850887772,-1.1808560136655781,-0.08991742028415528,-3.2069331385317583,-1.7189982191649917,-1.5342263027749286,-3.7785857448658966,0.09824310693086631,1.1542499041903618,-1.2508859065481972,-0.9407719621753724
0.008969368506317162,0.49072408588192395,-1.7694588792031243,-0.766909227611013,-3.371096521870859,-0.7497029586178124,1.3587247537189635,0.9381021224877784,-2.680900717385791,-2.234199016985551,-3.0974318882516054,-3.801437623264157,1.0004582239332618,2.18416569644608,0.05097766103886973,-0.2776668569225916,-2.2187495226655396,-0.26808978042790416,-2.3047757581937036,-2.743260926351936,1.014548005712085,0.6736672928666917,0.4781771349641348,1.4947074477027238
-3.2475422522585826,-2.736263634149997,-3.302692728669649,-3.65772359617858,-1.195531567295759,2.579378417448337,0.5650510152737572,-0.48841961243673865,-1.5246114838265508,-2.340969323912042,-2.341983486822779,-2.7509287681548424,-1.58237167583157,1.4339515338795712,-0.8314766963673214,-1.0793721289654752,-2.1541097340859,-1.8226933937169711,-2.88833803103613,-2.4602926091460824,-1.8785732215250106,0.948047087180412,-2.239503008165569,-1.1453810647769975
-2.1641639721745016,-0.27269441906438696,-3.38545664386169,-2.0484520046450476,-0.5682651915098427,-0.21274507682171584,0.7054875850632014,0.9681298038021605,-2.4813394303813863,-1.816902170026735,-2.6173216222051714,-2.662875531576699,0.4831385134837627,0.6048850515579055,-1.6299717240496834,-2.792998017312724,-2.989501808714836,-1.8424058765231828,-1.7419102537225826,-1.9521402137819448,1.6784067569304186,1.8566852721546192,-0.7362723944753055,-0.9746063115110879
-3.3201413825562844,-0.7150822995608019,-2.5336634731577368,-2.346016962800361,-0.9834768213045535,0.5138714875945529,-0.9573157700608332,-0.7430865685713298,-2.4948975766684947,-1.5152719692281598,-2.302334248347261,-1.3007044666506178,-0.15330748764795596,0.8163638962466322,-0.7683326900055544,-0.8191343252432979,-2.5210085753442804,-1.931391322121549,-1.3514033791877522,-2.6415197817524456,0.3163550681863277,1.1151265783613498,-1.3193247741372347,-1.521529696292569
-2.5397309440287534,-2.558868678508767,-1.853745774233378,-1.8905414240770826,-1.2021693482547915,0.5621603711381536,1.2040895565872165,-0.14054188192370265,-2.407868266313462,-2.3531554104071835,-2.955073619935105,-3.607719009370614,-0.853021949877843,-0.17462976562546317,-1.5825659511962449,-0.38060582022676914,-3.503260573683153,-1.897792006021888,-1.4660531082394783,-3.293511247353518,1.0991526643763005,0.24305876164876264,-1.391355470376077,-0.027982991635307392
-2.027633249181525,-0.3106628904926105,-0.5421117537268014,0.49569511383687853,-1.3203987297615876,-1.7165179999149676,0.4670866380185148,0.045483516769764004,-3.0546554902150653,-3.1568913144112303,-2.4471177247812386,-2.643212532068156,-0.9217895993782894,1.9344610233325341,-0.8000983120459345,-1.3203135301831213,-2.2457175781953795,-1.5339361396149127,-1.2027655562016526,-2.349904495662353,-1.9874467280187185,0.3300566077136485,-0.5069578054769022,-0.9580642688545468
-2.0333974118791054,0.26153030340223415,-2.1526171923383606,0.18968145617710744,-2.888451991361865,-0.2902931950180738,-0.05514537503394072,-1.190305706928393,-2.5324936661984228,-0.9545437592916682,-2.718372861221851,-2.5155168553444054,-0.8779797152355601,0.5143611215177295,-0.01881005884625755,-0.777866436316051,-3.5282788304935178,-1.1332555927834658,-1.1790241394269185,-1.1713506445155382,-0.33733383679719253,-0.17629992743130737,-1.218441817490458,-1.8080180935259849
-2.0843803263728833,-2.888144841084935,-2.134484956970755,-2.3782413357484775,-0.43408585232218505,1.1584616089056146,-0.8680860342351053,-1.203679611942925,-2.3434222745970725,-1.5612717872545254,-0.8869623177289846,-0.6469532718838036,0.2201097057430099,0.6591441017836013,-0.2648082272729009,-1.042595458036459,-1.6121378218113092,-1.1493932872967134,-1.065981357284,-2.567966947004759,-2.5378427605879508,-0.04384500678705355,-0.8677828074776464,-0.3317044188213293
-1.3353092914035147,0.02682654449701924,1.4503883228413965,-0.7916304244704353,-1.95244371305584,0.12416768068985236,0.9542059902986618,0.39395582994721084,-2.1775321585571485,-1.7066169337053887,0.2757112347166076,-0.6097314735408869,-0.8309317583202402,-0.00728665763332509,-0.20259235423460675,-1.2131709241983355,-2.107232899436702,-1.9405834218083824,-2.3039277482041545,-3.266660612491398,-0.5603155958295745,0.15908915974165616,-0.5398339298356107,-0.6361188743265652
-2.49659055065035,-0.17893155908298422,-2.330834625457385,-2.013596364471489,-1.5619428302747105,-0.04777920291904086,-1.0483762128819314,0.7391011903071415,-2.5627973745698456,-1.7902240974214192,-3.8021352761924425,-2.829097247728551,-0.3281021195038723,1.4425056960359806,-2.287369616457451,-2.276439415094001,-3.7768583933828173,-2.4451149245934443,-2.487365639191902,-2.423988297833613,0.4350570882152453,2.611980659231364,-2.1674103332233083,-1.4409134641295693
-3.2371042999345203,-0.4238121074701298,-1.3761023643441435,-1.029976096273719,-1.170814814858238,-0.9502260011328629,1.0747897832638005,1.369889239839732,-2.7813309301437057,-0.9479580163567434,-3.1036444738451516,-2.517655509186691,-1.186450834674399,-0.38891440765538754,-1.3923834021605888,-0.35253264034381615,-1.4442619277664794,-0.16901988013110172,-0.3378159209700245,-0.9545231923061211,-1.6023563584462284,-0.6191132392728917,-0.25595471397462155,0.36758241564782435
-2.7817041434591103,-2.181159993776343,-2.337800408552631,-2.1581270778438877,-1.3327327643214928,0.5488157300959896,-1.1465551065551929,-0.33854010087254177,-3.5565937024361625,-2.727219784392649,-1.9450643446758025,-2.931803965893068,0.39870131331068004,1.5883094154281219,-1.7526091156615988,0.5271236188104952,-2.2214888951127865,-0.6861590320028359,-2.590271338678858,-2.550377659115479,-0.02720224146459512,0.3846436251650127,-1.785574806776527,0.0703204951526577
-1.5991627702400206,-1.096624071447974,-2.112925364191651,-1.0198213030461307,-1.752461912619606,1.131503205148258,1.6718189126448124,0.7282273872936835,-1.1641688974707742,-2.887203437785421,-2.7468137101713834,-2.1499487341687242,-1.8365523990811092,1.9875751635788526,-0.17286411195069584,-1.487267007312469,-2.2534168309725304,-0.17705616046170986,-1.4372849028821875,-2.327100439115383,-0.33513087781806206,0.6722895353231004,-1.408647253947081,0.8502692483171832
-2.806870459889501,-3.126316476113393,-3.003009605788895,-2.315092106923338,-1.717249293931625,2.9520981412847966,-1.648982456385631,-1.3392747890475645,-2.8200562397997415,-2.6269094915122895,-3.352430510599911,-2.901312217774089,-1.1885740770919144,1.4421407702383675,-3.8797227388563513,-2.0877048442605566,-0.9328689210318064,-0.8256707540707638,-0.35965009394601766,-2.2065602763289336,-0.18279596259635478,1.3067323771993065,-0.7797458335058105,0.7202877381687037
-2.1015399026014205,-1.655487961767427,-0.926420433596023,-0.859803150840978,-1.7346758105338889,1.3677620956122665,-1.7421622009577638,0.4639928316281042,-2.291325186859038,-2.828144868022202,-1.719488733102377,-2.765588830025048,-1.277020260402908,0.934765881963018,0.03190421652529566,-0.7453371605744943,-2.1441481389919304,-0.6730921607317475,-0.3132442202490919,-2.2246980900284714,-0.439909678888661,0.559290424382443,0.5629380082724547,-0.09470478520817592
-1.0766642159907487,-1.6298347791008994,-2.6429893208781414,-2.0769127097695526,-1.3380597023745477,-0.244201541726261,-0.8708794259297495,-0.6557463984650584,-3.3345024960699394,-3.1358395212003813,-2.1141723514466495,-2.5048500227413886,-1.1600792764681371,1.9746791606147782,-1.9716496492241609,-1.7430340402702114,-2.282595404596754,-1.1825922081338724,-3.0137843459259637,-2.916546569477441,-0.6339754855571335,1.3609280914926678,-0.25679416677484274,0.6239614333551643
-2.4894749540102574,-2.6386279254946134,-0.870560287581267,-0.5006890032950821,-1.5160923075856205,2.3991478769997583,0.1537240239954063,0.3150758449487045,-1.951463748579199,-2.7318774158575527,-4.009324166225809,-3.004314140441685,-0.9449391180070431,1.523747037543734,-1.0257795447592866,-1.3456194846459213,-2.35940664157787,-0.6147054006064706,-3.8745498645285026,-2.8448865459265975,-0.7293812266114865,-0.44487657709110096,-2.0908375975194513,-0.692273477007947
-2.857108412000444,-1.2011439007349285,-3.0655539073533213,-1.1162656688007828,-0.7303926056272614,-0.4118453178603375,-1.6292457488122836,0.17247353551082273,-3.34579361703558,-0.6686304351091735,-3.13446783376524,-1.5758245619947828,-1.4347080095716727,-0.1347925278544856,-2.4501691983968334,-1.0802224449334934,-3.9342971685442905,-1.9686956178864738,-2.612971946193573,-2.8099227936202817,-0.02796019755588983,1.2183005322547888,-1.7516343247808168,-0.7052999317217173
-0.3797668404878362,1.2015771704282716,-1.8761446004809674,-0.22649905532723394,-1.2240851674724262,-0.6551151867701986,1.342460326064763,1.083078342812439,-1.1848445400678054,-1.313247049073423,-2.9982004008827396,-2.8246428722267583,-0.9399272454995561,0.6444641788879343,-0.9787277031706342,-1.3826332581791634,0.20662046814323273,-1.1735660471762364,-1.39904032872296,-2.5718522890410678,0.11980395954925302,0.5165069563194399,-0.4974712140235461,-0.6545990792676674
-2.9867353681730244,-0.6731896887337038,-0.49356254322802107,-0.139801155377788,-2.767848844094367,-0.5245475307220612,-0.896731801872824,0.5461045884492921,-4.646142859195867,-2.332302878259181,-1.713736579428575,-2.16509204530443,-1.4547683245216172,0.8340541515109166,-1.796919709623441,-1.5931192021998797,-4.674020144530368,-3.325647696043077,-2.278708432599758,-2.0301484734144375,-0.5388973553396565,0.02974700332135915,-1.8957680349826411,-2.5755129941455728
-2.9304043765313406,-1.0590754382047693,-1.7545905995953672,-1.9470440794429567,-1.3413473385753814,1.6676229778990426,-1.1003177939708468,0.17822649685350095,-1.6569404126943015,-1.7580248475310942,-3.696557890904622,-3.471333691193686,-2.3959164651364766,1.768647867339838,-1.73343500667944,-0.6830398395723087,-1.3393142503018198,-1.4215154422110736,-2.364689580414203,-2.1001079880977085,-1.5216191800057326,2.420574987719483,-1.498666881821763,-0.8057640664529944
-2.6182646362776807,-0.5133255943707338,-1.822104807656964,-0.5095204486837939,-2.232126160844735,-1.7584841780489915,-0.058481497727774834,-0.29165379857997786,-3.3222093857840087,-2.166425212732529,-3.5553566617344634,-3.182488448752771,-1.8015930256754018,0.5993832676000883,-1.454776172208377,-0.9289012029577747,-2.3663609331165976,-1.400162177330934,-3.287148458022538,-2.9206391822679385,-0.303197570661567,0.41557245148204147,-0.8911999659169434,-0.7929197398919715
-0.5542594901396228,-0.7452163924330939,-1.0618668355490182,-0.3942888830979555,-0.2946249511945158,0.895282231543632,0.3687912945407236,0.3828108058096941,-3.0157551209720364,-2.439098846092835,-0.5222461183124116,-0.4383036587847614,0.5649495648987798,1.806877370230615,-0.7163788662682997,-0.5528363150274259,-2.3033582780103963,-1.9447843777886735,-1.9613614610572558,-2.7979853768454905,1.550996162679102,2.2345767279247344,-1.9971139072767619,0.4431730383732216
0.20635839506866996,0.19877558526009537,-0.9522928788008591,-0.6743844444208057,-0.6096388780297318,-1.030934782610074,1.2132850700771904,-0.022505125982562577,-1.1597278546052354,-2.2258207129684977,-1.0906057816811674,-1.336883173269495,0.45382035331585063,1.233660494099711,0.1953591584958785,-0.6149370094505074,-2.6933687565270423,-2.598243019523574,-0.9140096451864643,-2.884348216704398,-0.05716718078698063,2.0326209324882876,0.10533151180166214,-1.508811883461777
-2.952145574670338,-1.532982147974721,-3.6440332915022102,-2.0534021201057056,-1.7214665562305156,1.1428178299129093,0.2929338083781097,0.09414789973030184,-1.989313972337344,-2.6233790154523438,-2.964990493957842,-2.9869770179339232,-1.9107956206926293,1.643071596225999,-0.010955683231562863,-1.1886379057993672,-1.5602084631148945,-1.9886099613329518,-2.1529717678091522,-2.0877744827821747,-1.4956521743382378,0.2414253611307435,-1.464616987793302,-0.21690786885115737
-2.6682213458842456,-1.7234516532752753,-3.3204932861049494,-1.5307517249817089,0.48937253330093733,1.1686823986427133,0.06943671768839528,-0.21621554612596708,-2.8338864696971284,-1.9152045749332067,-2.3492560377886886,-2.885998008541341,-0.5479939032994691,1.1683157120954606,-1.7558993668498741,-1.1624312310939675,-5.40473862368949,-2.0472069519875427,-1.3613720272074972,-3.242881316742845,-0.02306164874741878,1.5405290959148121,-1.5170521709058713,-0.13771832175073262
-2.818215049205416,-0.3473814959365271,-2.386815447311572,-1.2773633616501119,-1.0168914524410102,-0.15445036856027078,-1.554436480719378,-0.24671217503898668,-0.9975709693918522,-2.3782590574324676,-2.605245392580194,-1.4782536534529753,-0.5099874035254974,1.6014806460112283,-2.118771874184462,-2.226876219544911,-1.9178038502630745,-0.7442821683479428,-2.4925831627229207,-3.3285632841875192,-2.265811268319284,-0.1147041388986738,-1.8103424300957214,-0.9993587138510908
-1.2933195436160658,-1.2594831851218244,-1.7506252023568765,-0.8548602577718405,0.522402890545983,0.24356801487494664,1.6975652572490807,-0.37992117324066627,-3.30694582769593,-3.445258082958006,-1.1409970118710493,-1.9939885212681803,0.18142600491167848,2.8631204309224496,-0.17787533954394166,-1.521712929037077,-1.8675927176903513,-2.2247275795700707,-1.278664841708469,-2.183499020134519,-0.19733893883770853,1.7432923437271592,-0.5275496477755411,-1.0081473182585066
-0.804481892487689,0.21035969481555258,-0.8831955208852267,0.038239727686232156,-1.550361585114395,-0.9585584169927223,1.188313541416735,0.05212066988324922,-3.5580027071308,-1.6486601904277611,-1.6650664013533885,-1.9431341988621218,-0.6160610181117389,1.5524788970796823,-2.582832758236055,-0.44649706344829976,-0.7846992146887333,-1.1422720857980215,-2.9148293141880446,-2.985765162358049,-1.6124394622465983,0.6574368164163037,-0.400121882681011,-2.092245655464447
-0.03573918636450692,0.14371897068134662,-2.835194264290996,-0.8961486687226035,-2.105883129526974,-0.8446145547492158,1.0640281267231595,0.6853027579112096,-1.5224712012010748,-2.8742776597733264,-1.4348553527578023,-2.7584612153094654,0.38072947986244154,2.960384257679956,0.054992767749564554,-0.05834350662118704,-3.026639122202131,-2.982612844305233,-0.8400713865045677,-2.052706902486974,0.5832917792995153,2.359162795919718,-1.0563441698161102,-1.3322794661658766
-1.357126381334091,-0.7403694519085016,-0.5027683787402577,1.588545683293555,-1.76610759034156,-0.6832065099681978,-0.12868731999884364,-0.4237388069854732,-1.9610698302878733,-1.518960263957534,-1.1524866063893986,-1.8238941104358777,-0.6606239720716002,0.4243025068388371,-1.6144834137506403,-1.7846229830367293,-1.5941267230005538,-1.1280948574942555,-2.1105709671913657,-2.6723405601855763,-0.6433129178637579,1.3182848234634075,-1.147536241464798,0.5873061365746395
-1.7257028917549455,0.4425509117911642,-2.4673355067438263,-0.018637356185856553,-1.6335641704581787,-0.6072216153430915,0.5794040730100128,-0.1544766054596971,-3.4078988206937453,-0.6612857445003413,-1.412849743989,-0.7627523122919805,-0.9765416197449321,-0.05864771364920596,-2.4636991742524854,-0.6553748906815469,-1.1014253573374777,-1.0799797658383865,-2.713684628838216,-2.272763229361547,-0.24729400804744311,0.14084044720124939,-1.0647409607818883,-1.2349446469116199
-2.459704769571007,-1.8804963577469735,-1.3851957339240013,-0.634313576627726,-1.2108797614744293,0.8611109327547304,-0.2045607214734173,-0.9502480397990761,-3.6442608190668113,-2.360418256011196,-3.9880105071059497,-1.5605458931926894,-0.1057137302980202,1.2673081727706161,-1.6374010237159171,-0.41841586396251446,-2.5000271700773635,-2.2445723888418434,-1.9630496753073825,-2.2694215092382324,0.1618867807242564,1.4777106169396759,-0.34780186688730036,-0.19816447240296994
-0.2110385475789802,0.13162980182449222,0.16434050362473343,-1.835688270901804,-0.5465330276965544,-0.990244965889001,0.5390470941599325,1.0894378174845831,-2.1433559778046254,0.5181943670646979,-2.280231169764455,-1.3981668959479006,-1.6411562850043462,-1.8268286166276209,-0.9024449538520783,-0.6657880429933839,-1.9234787196180656,-1.7723907360835958,-0.9707296627982437,-1.7057048031133655,1.1307839514425462,1.9674745401193339,-0.5873657051528154,-1.3291880687688022
-1.8193308366897631,-0.918504936734033,-0.033815071324324944,-0.501425070426995,-1.6578940114550254,-0.1529437628140978,-1.2325702925448458,0.0582321211889922,-3.730298556167608,-3.560390388384513,0.36417259191654927,-1.9159007514163837,-0.35671105132993225,2.3692248005965486,-2.342303378931385,-2.059223857427258,-3.1016534847356607,-1.8278305980898586,-2.2073412599685933,-1.4559976363566358,-0.41422993685590687,1.223882435726077,-0.4410683224999407,-1.4049131405595592
-0.2774567942565909,1.4414486176153667,-0.372202939950499,0.02167699279571441,-3.4965456625190363,-1.3534697304567767,0.7740254790952442,-0.7437455106885316,-2.665343784329245,-2.7110328919110165,-2.2003465395608703,-0.9920189569519096,-0.012569808763463681,1.140931156773814,-1.7925052273356268,-1.3095650310216234,-1.7956227000890912,-1.5854876930825803,-3.3123881643586897,-3.262857127462196,-1.0808659915114494,0.29259967778454143,-1.5174101299998517,-0.34237275098644304
-2.0780182274298307,-0.46597820739373036,-1.3113111287641646,-1.0907762795812397,-2.7497766032228452,-1.1324180307708653,0.41554282126043535,0.3070176396303105,-3.033453307065031,-2.9837226033482853,-2.593581081976518,-2.5563927234039436,0.2536662403254053,3.09726053011431,-2.159753414294771,-2.660608947512286,-3.536852133682784,-2.4401186587601487,-1.7292637061049887,-2.3804562637751605,0.29375256293340074,2.6244927673406453,-0.9557507537500259,-0.8446461382811181
-1.0564583356444726,-0.4159898190839613,-0.5601409460279808,0.1805231643466149,-1.5144584438368367,-0.03685947473211047,-0.3742368090500738,-0.29397784829654033,-1.7282615000744967,-2.9553327071070306,-2.729568432619644,-3.127175986712082,-0.7002701794985747,0.9949132979989374,-1.5440517985807483,-1.5100058544725696,-1.623499632304938,-3.107190105382175,-1.9560363829440484,-1.3409616640929405,0.6658233960473942,1.7862549344933258,0.08625278449332639,-0.7101281507508441
-0.3825601406181004,0.20256669787715317,-2.7486105909442835,-1.153899950914758,-0.5952804071312771,-0.7783650202201469,-0.36506759268011046,0.18827823548106357,-1.2957794697818523,-2.375461242024594,-2.389258102352787,-3.4229695684417534,-0.6699478144438731,2.276871233457216,-0.4280105705449022,-1.9340267755251286,-1.7742800513114967,-2.0626707411167353,-2.102056077888561,-3.1405303126700947,-0.9691127866656436,0.8502355500903227,-1.0782172833950134,-1.4857342537401221
-3.7497698866470373,-2.370652740109942,-1.416854985186515,-1.6790929603681966,-0.6989921955436696,0.8731099031134796,0.36473194483811655,-0.09495609349511691,-3.053424358941563,-4.636687476582645,-2.455787603499943,-2.382476379872287,0.115501073394255,2.4890873328217915,-0.051764892241313434,-2.1620924986941783,-2.407021129814781,-2.571189085568784,-1.5032028929431471,-2.015675516413839,-0.6596228332585048,1.7874992973415071,-0.013580345383739598,-0.38334620724350177
-0.9902592223937734,-1.3186923553647676,-2.221521069171208,-1.1587012963234284,-2.1968531514943663,1.3553415455351026,0.6193472746021442,-0.19104730326083602,-2.715078204460392,-1.0011407754110193,-2.09218786441195,-2.8108437109896616,0.4856967394089008,0.9086398365116869,-1.226179134406325,-0.5953766662276316,-2.3008938622750184,-0.18536212769887606,-0.7925934817747369,-1.9923537073266304,0.1410549636489594,-0.22998001752237515,-1.087704919289182,0.123430992560194
-1.2596356429120885,-0.00671471046212609,-1.3836688606630225,-0.38638125857212896,-2.435873059558823,-0.4550766196653392,-0.13381468887270842,1.183576935714961,-3.0827441672778075,-2.8075283349828917,-3.867495669310128,-1.9974386404698667,-0.736198926762275,1.979947099646315,-1.9735180657976588,-1.30272653203183,-2.089807346020659,-1.2800545580249847,-1.7598922188109296,-1.6745080296665338,1.2017287185910062,1.1247323340487339,-1.1437480375178641,-0.020791468709306326
-2.322193497258359,-2.358758411227901,-0.5088882794061041,-1.0069321093818973,-2.0421933986979894,1.8984825947255326,0.4410643210106614,-0.2976129280404819,-2.866061942836762,-0.8812052052166148,-1.9689578703791704,-2.6366845661431797,-2.769671371662031,1.3573154107079815,-1.9205924316778158,-0.25017347566921716,-1.4287102296121919,-0.4384720812486431,-0.4526509137067606,-1.983001789874913,-0.21397706437035935,0.938844385084945,-0.4236978709187844,0.6899280662689687
-1.0059233029703742,-1.8557689752515139,-1.6520466951652095,-1.6869345718548596,-0.20037229619091054,1.640435904225791,-0.6987311002241837,-0.870409647969286,-2.182546737989447,-1.5116294370539642,-2.905611331252302,-1.9232233535920686,-1.1266473015060279,0.3198902689847331,-0.9527138707773716,-0.2386350001846536,-1.8088755974444828,-1.076581472817833,-2.281122823380706,-3.6122009182267765,0.6209667132264463,1.1856721808605186,-1.2724134879245101,-0.8006184924046589
-1.6369902555624873,0.5079541778257411,-1.899177752001685,-0.627335642772627,-1.377416076309268,-1.43531497196455,1.38740559637779,1.8318960366998205,-3.416286096220828,-1.756500394793052,-2.127296738426014,-0.9250360862620719,1.3912577074769379,3.1866129812661357,0.053353358621668366,0.4826948013173814,-2.119699434722635,-0.028363412951752227,-1.2251595204469807,-1.733844445883094,0.6367292885182901,0.29426177819687427,-1.1596516629854472,0.8772370009670646
-2.6835640504219747,-0.5365438908749114,-0.40593695603270596,-0.7189012513551394,-0.4584580377743716,-0.8968346074485801,0.04046850087211961,-0.14862416853631863,-2.667820937342334,-2.469182966597513,-1.609040968176755,-2.061353563762072,-0.4683567679663591,1.102041018728647,-1.6937244113832002,-0.9349251983415577,-3.3014390831895737,-1.3988005879085277,-1.1737047386180839,-1.2143293972177052,-1.0367984035664015,-0.6396386601310009,-1.0006808282312698,-1.1199944993459257
0.014237676470179874,-0.0788056025085684,-2.581731426119625,-0.3692966681492232,-0.9926688687651758,0.5513429621897354,0.6376436335129184,1.7830766209822184,-3.255008966896344,-1.959709557211969,-2.228880509612848,-2.7221448377202457,1.3879270805390398,-0.12388863087569889,-1.5491002751721188,-1.4577182405217703,-3.585088296038305,-2.0845489940213153,-0.9362197661907168,-2.095379219485293,0.737639337049224,0.15177590447206865,-1.2624151754940942,-1.0319649568795184
-1.2625794608176466,-0.7657102143621971,-1.3069391230270357,-2.0844392747983567,-2.260248285265112,-0.6648915436151689,0.07733451088007531,-1.9335655160513434,-3.0818501932613356,-2.8606944752429637,-4.077800779482601,-4.152770886977449,-2.1479906609208976,1.2770931515673611,-2.5325621785998647,-3.3525922539075528,-2.2080050864998184,-1.2463656119998374,-2.6510876467383664,-2.61105468272614,-0.32959210169775316,0.8752437073941294,-1.815118831604193,-1.3258987946975669
-0.2123961910430373,0.19442477133165736,1.5102057029053277,0.4894671206502205,-2.146544965876754,-0.5199706166646682,-0.3899203047579659,0.3571335798137051,-0.508514479656968,-0.7960145958878516,-0.6455322431592005,-2.3301798558418674,-2.298597991668528,-0.282123217568844,-0.05791426168362796,-0.8167793493152393,-1.2507531520383481,-0.9326293922357153,-2.4311721542498095,-2.2140672837770303,0.1496725282516471,1.1265242746966186,-0.25419434159704835,0.05961691669515406
-3.9884453758903056,-1.2525540580452572,-2.323880834362244,-2.1284517841959483,0.6979995941247616,0.8986357662726334,-0.7037343166134585,-0.23833584375283767,-2.4227568495950216,-2.2123455823641294,-2.8494712228749193,-2.402647184538806,-0.5441984745735471,0.28479861751913127,-0.5507471275592045,-0.7051949110154454,-1.8780392536422414,-1.7651094766440445,-0.6551824730658946,-0.8126985519908494,-0.9670681109204178,0.52474826343673,1.1055361184333663,-0.7575462767530072
-2.002687518491218,-0.3484278900308199,-0.516283437491499,-0.48018471875642277,-1.6110628481507232,0.28728529641615985,0.56879510401822,-0.741097882456024,-2.978800360624505,-3.258465968563754,-1.2025621879149289,-1.7733485825623156,-1.2148200870463177,1.6874994874341362,-1.8970851045803125,-2.9019485281611654,-0.9103201981012189,-2.083303027536692,-2.072636436585985,-3.038160189191121,-1.8194681589258612,1.4495338729848053,-0.3504585022421089,-0.9973408200421753
-2.6380852147494673,-0.22110579551595028,-2.6537116760633506,-3.2990829916493576,-3.045783734783284,0.8345885837634914,-1.5913414923272904,0.8345310880589115,-2.334217494799422,-2.357458210609307,-3.4981834785935964,-3.971738003698267,-2.104355781828534,2.0799531779284193,-1.9487292254088187,-1.2520634813068816,-2.9160756557269685,-3.205493371148047,-2.784513399315478,-2.687524685185561,-1.1896742589330291,2.358404582242219,-1.3759022101294702,-1.6251097601727926
-2.4842978800850775,-2.5517604669419853,-1.495939010659684,-0.6861967971007508,-2.6269307382691225,0.5728965737508913,-0.18585253046029554,0.5428645867587761,-2.9530218807354665,-3.2352102997888204,-2.7796518696264676,-3.796129874075639,0.3405036706474194,1.9424784231681687,-1.9819632703656567,-0.8710405515120039,-1.0507456800874455,-2.6047853964480066,-1.0608461696658193,-1.8988704990781644,0.5235322456530089,1.5503103666172289,-0.9844633545687705,-2.029082578890663
-0.9661525449656528,-1.7742618826230134,-1.85601895256114,-1.527623402967703,-2.473081036909994,0.5093857180504315,-0.21117265754799208,-0.4653538436450323,-1.0427596101833434,-0.24394931062098993,-1.2134949566172928,-1.4388888331272442,-2.1224612525583186,-0.4186659564695512,0.4679486676172696,0.05426222255576215,-1.594883905208547,-0.3909035860657543,-1.80460321979374,-0.9295879198464185,-0.4505449333215024,0.1571346747025138,-0.4459618958846127,1.1876330318435833
-2.4999305529159113,-0.44351627757598744,-1.9517756942286597,-0.2715821106396129,-3.1082394406116265,-2.2011200840267726,-1.1537335999006206,0.6123931302752503,-2.6926423814481164,-2.023718613956835,-2.1366963816177535,-2.7441576943877464,-2.3099801279062513,0.8557141632804732,-1.1522267406209934,-0.5053341303905232,-0.9368601911550879,-1.6796525439252274,-2.3507702478728163,-2.1080792780149364,-2.3685109720438384,0.495541317791139,-0.19909217311416225,-0.3186231930912748
-3.825500590364793,-2.246832815469384,-1.3884521996517905,-1.229950140058029,-2.553105768258314,0.6665568248187774,0.35120281812176213,0.11305708041372782,-2.7988596937614285,-3.5269271268038396,-2.6577057337981285,-2.042852862219495,-0.16471647923997307,1.6960032084209906,-2.6301872471115564,-1.8059134604833147,-2.3501655210491808,-1.5142327599427237,-2.3206449971364123,-2.0913092410547423,0.09981524551914679,0.5684868221807977,-1.983598074866341,-1.441265047456319
-1.0988631610839208,0.5113132439335885,-0.8455412185382603,0.3296062724714556,-2.8932194294808387,-1.9815827457259123,-0.07218574194781509,2.8106742866632834,-1.344426306564462,-1.3418749826567578,-1.5351403688989016,-1.4138305172143242,-3.0533512521658577,0.08959337016080805,-0.16116978715973207,-1.1983929400444921,-2.1681318679068093,-0.6107061588839326,-1.5407890453320967,-1.9182699653856383,-0.7600964519234908,0.6427104666860584,-0.043694955896342653,0.13172169228257583
-2.1814118025860063,-2.686102035399632,-1.6635909350584233,-3.0536096258148913,-1.6727758221527356,1.84669007624759,0.46146688729503826,0.04074712690933355,-1.4305157138532956,-2.344945504564215,-0.9444659560762017,-2.544191094626958,-1.6938361263238504,0.484860250920319,-0.539172618599889,-0.4068509456168314,-1.3067342192996518,-1.8933977597389733,-2.622441061045251,-1.748289191900791,-1.4822784417730568,1.3179800037604186,-0.37393528449132263,0.27476807268177367
-1.9670212135015752,0.404492103132511,-1.7128427886532143,-0.5585782956273072,-2.633057348454781,-0.6740567911752288,0.3095946040285158,0.43908936325772957,-2.5972711400126194,-2.518348802168148,-2.934197652291913,-1.8033667883843398,-1.1688564063051308,1.0602815845862268,-1.5856250454255774,-1.5856493458253336,-2.033200041489372,-0.8601919790683067,-1.5191887751593032,-1.9972611169823662,-1.1426945784513427,-0.15372257973008477,-2.366353024375558,-1.0532286647982751
-1.3139786263411621,-0.3222041791120249,-1.720076910514693,-2.1710320269179526,-2.9751906996135937,0.265875336034461,0.8476102467624563,0.7488640534366373,-2.994879746007035,-2.4138494683711205,-2.14741406581476,-2.1710164297695718,-1.0925325511706685,1.9501013471244872,-1.8867467327248757,-1.8905420627617797,-3.210977074408413,-2.0468905358728158,-2.124420740535399,-2.139829958511221,-1.0508091456933566,0.9528079501263427,-0.8451927105070058,-0.4714564218211658
-1.7168966350459105,-1.3363290175332776,-1.6684574013768187,-0.04288453170547295,-1.1946184904973896,-0.3341321488091826,-1.079852790388555,0.44769494025127793,-4.605790218088166,-3.4437096751383747,-1.9258490173146605,-3.4635457060417405,1.0520400077612952,3.225974152020737,-2.4772063444042924,-1.863023992950878,-2.5664067438325953,-1.7180572336978688,-2.0110559957148313,-2.214595860705131,1.2375058762170263,2.7452117742696007,-2.215473598593936,-0.2557714371500078
-3.020505302600184,-1.2684532732582678,-1.3659359275498486,-1.2571293453462333,-1.2084775547543345,-0.2808654974402875,-1.398688597200241,0.3828358757825067,-2.214401530478706,-1.555438464664371,-2.362163224204317,-2.1870662130689444,-3.3679555455828574,-0.3635020669567838,-1.0050157528995118,-0.4888911384247784,-2.2094685959879237,-2.6881773100654716,-1.2601245883057823,-2.5829819173997057,-0.382981076540311,1.6540662388233387,-0.252981592787658,-0.873757844743017
-2.6281839886273324,-0.807430814412692,-2.5984804545825524,-0.5027541731468227,-2.2750762170430394,-0.389720777040739,-2.157614557692906,0.34576224871253713,-2.5362599973643514,-2.4069630885457487,-3.5688620358083933,-3.445855687055293,-2.8089441761782963,0.673572680707723,-1.70238731242994,-1.142719302722512,-3.1382065032721242,-0.7907203833012066,-2.5720940212908947,-2.946480131097579,-1.059323827273659,0.6956286235566124,-0.4356453490857568,-0.2413210921212687
-2.0284377003872205,0.14308793766022873,-1.3845031660673326,-1.193671226357747,-2.232639289562408,-0.7146663260287158,-0.5792365531168919,-0.9957728168636102,-4.022537652210083,-3.008760041923019,-2.3553478461647686,-1.9258967926133448,0.28821244923430184,2.7144572809404504,-2.68269857663992,-2.594264981563286,-3.8067967575565476,-1.5133631568751136,-1.8287887805915377,-2.9454926949288223,0.6877630485910019,1.311223487819693,-1.3115424166042635,-0.7618865043288665
-3.886753977976869,-1.965919880143103,-2.142550028687612,-1.049423970289793,-1.0860687722170121,0.5606166956539776,0.1039018050624397,-0.6135748364283671,-2.7547272644457137,-3.256590932640813,-2.6640240496692202,-1.8073088868952711,-2.130850322667741,1.4023678440670835,-2.295537152616893,-1.8800430828499655,-3.282635545112888,-1.706733180533285,-2.012301556803348,-1.110931602352711,-1.6175009114054228,-0.9056147625888488,-1.4257485299185668,-1.484021091022994
-3.271187579728952,-4.203516086841682,-3.210068887371434,-1.4282369418560528,0.7225491224756124,2.4454873343915144,-2.2973380530794856,-1.8177247998297419,-2.2629529929966137,-2.6156192483100758,-3.5083962972019953,-2.2101443090091957,0.34599877642687327,0.34705842062343045,-2.7472893917970937,-2.4969844566622466,-2.7344027180724075,-1.9983171708895275,-2.946412515126317,-4.08327797329248,0.8843311388618937,1.3044671833682602,-1.8403431132169503,-1.9088294761377462
-2.7060282292037674,-1.2429910539503601,-1.8483401015584435,-0.8260698201366908,-2.1652536513836966,0.006802698570964828,-1.0159172587544159,-0.1848207291888813,-1.5126234380681438,-1.4539538197686557,-1.6198768982067575,-1.5863405167181437,-1.2697241820828524,0.36177160152728716,-1.674311457308623,-2.082797939560143,-3.383970035212575,-2.7186809946583517,-0.8563571436282189,-1.9474508764111385,0.9784108806885352,1.92928623688053,-2.20718570956529,-1.645729157959948
-0.5626831392548034,0.6753895588883225,-0.5856631512517013,-0.9943608673103199,-2.7513829302054575,-1.4318537083027816,0.08701914758180437,0.05986116063794672,-1.9629822841031181,-1.7707761957678725,-2.6731986050514687,-2.9412244845960416,-1.5753014505384682,1.5764292161819684,1.1798367313047324,-0.28430020940258255,-0.3509798120984684,-1.5458189698546647,-0.9763003368988846,-1.683677446347698,-2.2178824850359784,0.48373178744184003,0.9503281922138905,-0.8917248618027577
-2.620701827135207,-0.6564640980244255,-1.7575225422581162,-1.7323643641542048,-1.5107969730239412,0.40790518026093925,-1.0728515758637713,-0.6154516735939364,-2.827620679928786,-3.1773478552589096,-1.3255086346689777,-3.1813983368671934,-2.0882782707557888,1.2477942657429926,-1.6445201912398255,-1.8540326520590322,-2.537791968579512,-1.0090183618760185,-2.062103946628036,-3.556467319032732,-0.36803899863069445,0.35457131568527706,-0.4344335420694141,1.3422380607321125
-0.0272447862121527,-0.2681624884181122,-1.0594302241456282,-0.09316292015353438,-2.2764912829873274,-0.8321554650868579,0.5854907410516771,-0.25903168035190016,-2.59026506165327,-0.48580009267740826,-1.5756715246948896,-1.4185880985208774,-2.060321240543494,-0.6550966258674458,-2.238805749720578,0.2773713985518499,-3.711529488629596,-0.6714780230399805,-2.149684753277431,-2.053002926646555,-0.018139331558154916,-0.5456038574046654,-1.4666986356569702,-0.6233688048173808
-2.245079852745614,-1.598039502316865,-2.7439020597226675,-1.5408369425123354,-2.3910023284035917,0.9791629456045744,-1.8643541713849083,-0.699495491817304,-2.7711406412665336,-2.3334953998970995,-2.08507895743507,-2.8204411347867158,-0.559862380436644,2.358207634680444,-2.033429317258901,-1.3325487772699536,-2.6637314135451606,-1.6010210832093061,-1.2278191594279422,-3.4276118913348532,-0.16765832745566062,2.076975773050644,-1.6369652174062796,-0.9026683021854344
-2.6916481295558072,-0.8352783530503907,0.313865313582984,0.3050175853467127,-0.8194067566954314,-0.8663082043725924,-0.9291205584756185,-0.7037118150458276,-2.5791675233537275,-1.8949525922582657,-1.391627845359987,-0.27577985019136764,-0.5098112667194288,1.213907785049315,-2.1523621753248805,-0.890589776997646,-3.051328620049901,-2.0052724599710134,-1.4834999803767754,-2.1518724958326527,0.5959248546469879,0.1353035515341035,-0.6080061613620272,0.5620385754471423
-1.477657437140922,0.4901676005059041,-2.920309695990307,-1.8036342152289768,-2.2941247006533843,0.3552051549952423,-0.23640164506370306,0.9783799078514851,-1.432369962376662,-1.8405081144026494,-3.1820254479874,-3.1129338238223694,-0.1361724067839157,0.619024455124974,-1.8297235702623593,-2.3553601395644366,-2.4047676127878566,-1.8878599046990658,-2.8619407662697856,-2.127738629465127,0.5849978063484667,1.3578841788387557,-3.270333127186729,-0.7452909031226661
-2.3812926607113223,-0.6774647303115771,-1.0069982602655083,-1.9576306944763235,-0.9347684662338757,-1.0081692213499116,-1.0461303132087343,2.2318022820276315,-0.8371795212893269,-1.3347040449829204,-2.5461726948106826,-1.9056358719656399,0.0005092851727738831,0.5026573380428558,-0.7904215957824073,-2.0413599066765635,-1.4168132863576641,-0.9838976180048907,-3.093239338093361,-3.323356401162615,1.0167734415096379,0.7579504247392873,-0.34838094059125907,-0.46051052585609953
-0.765552443191018,0.03385608727081575,-0.8131364894524672,-0.17140487446071612,-2.35094310429675,-0.09218009590428504,1.0142740562790968,1.45092196714791,-2.3834409330627233,-1.9576767762352008,-1.28189668104297,-2.192405758936454,-0.7324923615982232,1.7092982430262165,-1.212338997942071,-1.1444746002003443,-1.2230459452691123,-3.190103491964378,-1.7122173136532766,-3.457997278857919,0.17854836397540386,2.7568720771053328,-0.5697497413970927,-1.8205665038172265
-2.4480146452606313,-0.9155261785131578,-3.2935179390076104,-1.5634483694522274,-1.589918961985684,1.2961039370154182,0.13501811264138905,0.4789600203778392,-4.173375595219872,-2.6231896205651206,-2.0099881605508685,-1.7556383478477728,-0.052072690448863194,2.976353347544873,-2.889432704026878,-1.6569810737922723,-4.229317573478351,-0.7416044496202527,-1.8850668785092848,-1.3537092574440142,-1.4084986308063339,0.35587328410852753,-1.9413272919928728,0.8434201686329518
-0.6498946405492424,0.44340258254264975,-0.9961057492809438,-0.6856428817640724,-2.4019101131887934,-0.5013684476377619,1.1395624527037407,-0.055541059917469854,-1.299929957177719,-1.518290809666997,-1.105571292623461,-0.7140761676634064,-2.39098404577075,0.8687008225585353,-1.2329542881220612,-0.43200765664244806,-0.8204216794584726,-1.628400658929137,-0.5452721127753354,-2.057984883234363,-1.015549655899196,0.45650514008313653,-0.4422823811146589,-0.667598273939649
-1.1352428975677602,-0.13068240209885398,-1.7113041981879222,-1.082522988237005,-2.244923037197804,-1.089961249430599,0.37995428493087996,0.6939637908088679,-1.4380355135468248,-2.3515602835758083,-1.9804494750293056,-2.2810812608938353,1.4339787967567776,1.1998806382721297,-1.017703802178221,-0.5422170102036651,-0.2805675887841132,-0.4253153023478502,-2.850344477749864,-2.938732332131086,-1.0322226623654762,1.1514438163742828,0.7859505689201362,1.1575129286660228
-1.0867574493951968,-1.6799628678435863,-2.656568847384369,-0.08337130560179619,1.0187556911304043,0.5500169200524256,0.4320899988493853,1.08556024722874,-1.7950654425965074,-2.4724834537092626,-3.0769500835624393,-1.9861834178116304,0.05806528713716196,-0.490142606233511,0.3822230676749357,0.11105885322330096,-1.7106059313377702,-0.3113435873741692,-2.6574679419019263,-2.7488473621069445,-0.4812804783907757,-2.1334661573462417,1.5265195621727563,1.3773468429331543
-2.6550212504908903,-1.4920379711502698,-2.5562992103953524,-1.8223771356770542,0.032111716938398385,1.030215490024809,0.7661687207810797,0.8251886986825765,-1.783447914284388,-1.9735356792180048,-2.2839776323864007,-2.486061010259195,-0.5448803110932364,1.4192869546787745,-0.6578194107184833,0.13024096679009262,-2.914399708610358,-2.8872456677942466,-2.6640324169712337,-4.395350173456116,0.30668589231296794,2.705016977955227,-1.4143075759038428,-0.8261557552229638
-3.2672348950756107,-1.8295932466479081,-1.6686181977853487,-1.4006193587015539,-1.8138072616543348,0.4821047752753271,-1.8115781297975218,0.5504183539085384,-1.993559950832641,-1.735403089148792,-0.4377934751415782,-0.9523189721930992,-0.5769619592217041,1.2202065425797801,-0.618108769807671,0.5177138004900703,-3.1749152689750497,-1.8820644603410903,-1.4968236936668915,-1.7339262215327416,-0.7728598122733182,1.2356271618908137,-1.1737108933644274,-0.6026881031673351
-1.7934177199999464,0.4508669290320417,-0.1546748711263733,1.2243954447417573,-1.42020027036761,-0.7709094514625204,-1.255678629957719,-0.35086853572557086,-0.7726083305029728,-0.4150857768600497,0.09380912943163018,-0.005203990298511673,-0.8362014863922795,0.5403901865550056,-1.5770219450566088,-1.9509219983020145,-1.7572204889352971,-0.8676870081369807,-0.0465354059364991,-1.6694630618216482,-0.8377840492720202,0.1736888371421284,0.253014524559458,-0.06530949499626203
-2.7165178029474824,-2.4820692800708066,-2.0142765558334257,-2.7855813212053517,0.28868022221112816,1.9653945436861298,0.7709478313769221,0.13149584097964176,-2.198716735151051,-0.9412420803180829,-2.7791622248416026,-2.926322274153937,0.36646976214111177,1.2051988643932832,-1.5813144508160262,0.11150501101860404,-2.1356773415923587,-2.0307623182867083,-1.7662369094983175,-2.6913670975855704,-0.21340385177273802,1.780414211771917,-0.39460799879279057,-1.298485286391267
-2.132137802639245,-1.3358866133117449,-0.1846426148497523,-1.741226016001694,-2.214102605358675,-1.0522233375626662,0.6087069690052639,0.4352697713794356,-2.1923979559102222,-1.980326628920644,-0.6714029599821806,-2.3658092925120777,-1.251657750219153,1.5710868769547006,-1.2910338484511081,-1.0484221885456912,-2.513492303467421,-1.4454075854900326,-1.9202854249708665,-2.4231771588891444,0.9471063110996651,1.8857928987726063,-1.8864879157276648,-1.5331037367294467
-1.735564798886173,-0.18705577612793914,-0.40184607255347277,-0.2559343057917193,-2.315377451584442,-1.0559101499128967,0.6924789972222692,-0.219536566372832,-2.816773846453585,-3.2922266770930038,-0.4263690270054091,-0.5794698807320976,-0.05495748457969327,1.4579102915807978,-1.8239067128842699,-3.0161487219012337,-2.1926042297237247,-2.1867815122297025,-0.033544480835516595,-2.790611053506334,1.108797738684096,0.8169364896128214,-2.099065249079739,-2.0939466017830144
-1.6333347141472694,0.8874294469278489,0.34843852435570405,0.7864973421932853,-1.7423014709286775,-1.8162091867278432,-0.7575883026847928,0.5481237855611163,-2.2951210617755895,-1.5853068523136884,-1.7432451379896852,-2.1937715450872877,-1.722327241594593,0.40323845178556683,-1.2352783476817026,-1.2732851280334745,-1.9560526281133415,-1.155895620856605,-3.410331080462261,-2.982447899235386,-1.3373847277138733,-0.8043261940113753,-0.4351703100212209,0.14656960790117335
-1.9087934089132197,-0.2084410870591132,-1.5348850253371027,-0.8195331451148914,-1.6967536710265816,-0.814750891934215,-1.1361627184735816,0.5148235304367961,-1.7304023031624693,-2.1455878717275634,-1.682581551888967,-1.2913509952935023,-1.0435784918908582,0.32872913375154544,-0.3976985245820404,-1.794929653634385,-1.859519591496,-1.287828069834718,-2.5866507131687744,-1.748115068274609,0.3614343829517359,0.7636070804546551,0.30306835026742507,-0.5054959912915397
-2.2840330859005546,-1.6293970853878736,-2.429755009091283,-1.6115166171815916,-1.772854495083476,0.3813829573012017,0.6146220965317443,1.0416510289871819,-2.778058972884399,-1.7331528805533145,-2.3631118334110055,-4.054415646754957,0.2426275074906318,0.6095079502147838,-2.2572473906822164,-2.412642442613715,-1.8128809632877352,-1.6631682375122945,-1.2950969657882931,-2.611191319080194,0.37859040290187346,1.4597250495384275,-0.6554561919052545,-0.22148299737167332
-1.3321628773664156,-0.7454638214412898,0.6040018678336718,0.025858165993005406,-1.380795478675955,-0.04328330463847753,-1.005743270076215,-0.4328859055341692,-3.6475812222687938,-3.9464669888927473,-0.18328074159280394,-1.5619112478915576,-0.10843410005247346,2.242522082889671,-1.7149572268675413,-2.7401159649172335,-2.6719345634839904,-2.916723364431103,-1.9991152402704888,-2.9052806318913844,0.2967117185838667,1.8315553951291992,-1.5645197196969132,-1.777590796155268
-1.4979959172617732,-0.6511126322833266,-0.7839907537635784,-0.6646517043238162,-2.253924598769858,0.9747434334694414,0.9185904026239705,0.18401958872666208,-1.3804971103776296,-1.4070485534741797,-1.056112788237446,-2.463863304228659,-1.2483308102137924,1.528179978956336,-0.8982045787939337,-0.021313306319751677,-1.4338270132731414,-2.0942523882508266,-0.30932166389648136,-1.7682327369881201,0.5206078869547512,2.37685319206741,-0.14918068301179924,-0.6714092224035242
-0.8907700579452809,0.07392970949570468,-1.7106152422356007,-2.717660836298121,-2.6343586997511537,-1.2483067868203757,-0.6155452360855934,-0.1321344640127473,-1.8905696396590421,-1.3020073671607386,-0.4725767942277225,-1.8549748608170773,-1.1706649197632475,0.7459198126249135,-2.2621019044200548,-0.775271641471425,-3.1975083998751215,-1.729054709629715,-2.0326152019091723,-3.7017739350364893,-0.08196111135081363,0.8721090405765606,-1.3459301332657987,-0.11371800902745345
-2.1876395650807465,-1.9276021001532262,-1.7140862727551016,-0.816051052847989,-1.0392120884614717,-1.1420585866273596,-0.17905576432988818,-1.8354743058958416,-2.9603781527329334,-2.939072098870983,-1.7683031650165133,-1.7561764935304096,-1.2971078755249958,0.6108364925097531,-1.814414133292148,-2.475795554029437,-1.249660646897179,-0.27837616293729067,-1.8045957219826902,-1.3283083347453875,-2.1670901170148644,-0.5963793380544472,-0.2362890918635093,-0.5070307162600016
-2.1430221657460082,-1.4891482454806115,-1.296246550086671,-0.06743503247263154,-1.9280621126852233,0.23285967460356283,1.7566096892744816,2.0014947116670276,-2.5503920083578926,-2.338083638229176,-2.0496692400191368,-2.2569997338159196,-1.3861561827818873,1.1419175854404735,-0.6426070716288037,-0.9163288449390969,-1.705206921833957,-2.3722864544213467,-1.9832271151032732,-2.397762412978194,-1.3205913503012865,0.26062490229876667,-1.8634552398725721,-0.554344676781492
-1.9680738319328415,-0.5358401156107915,-1.5129917296796789,-1.296072006703015,-1.3210857236046885,0.0067526597491384555,-0.6941128717314999,-0.9752948915258514,-2.7738461162311654,-1.8729808193249915,-1.5100295627071798,-1.186645601330486,-1.865408561042314,2.0652450849787507,0.1953530159986839,-1.0436267542631317,-2.3025662692327926,-0.9573890018872155,-0.6825578230406596,-0.684404266223792,0.5168407325739439,1.2405282967506828,0.9827124423357665,0.5769790735266618
-2.6760276518107307,-1.9011833443350241,-1.507144983107911,-1.8207903203138716,-1.536562266462532,-0.21349346465957994,-0.6787962396791541,-0.5998037018678446,-3.1358765711674534,-2.173545931717336,-1.3050085511563096,-1.2947410707558158,0.19273151120679094,0.8015273885608835,-2.940143713843874,-2.524423052552154,-3.661570046914169,-2.299289605425082,-2.733500630076893,-4.1152622448398475,1.0119704576419555,1.8400771089837298,-2.5320304436575234,-2.4956081577061813
-1.5012096519383953,-1.170160123934763,-1.0508302518253765,1.2001619531927699,-1.5247904383746438,-0.08550912497739625,-1.5866477193785036,-0.682874525875077,-1.9793790222243606,-2.5237740316564854,-1.395787296104867,-1.5173696897378943,-2.314147070560312,1.5623434849401754,-1.156236219933638,-0.6932924783778784,-1.4381463858257506,-0.8426359496062572,-1.429804781037636,-2.343383951666416,-2.1002841415275224,-0.08108353989280405,-0.7117621306166493,-0.9910181101476583
-1.8698642001266121,-1.5212328261093222,-0.0463485695865217,-1.1682366246966571,-1.8997852795261705,0.4272361971601963,-0.8097613224884838,-1.5811094057486672,-2.138475408736345,-2.0542159809384293,-0.8883496172053573,-1.833232289859519,-2.0643455917219744,0.25932870165605526,-1.045407387602906,-0.45933280751990285,-2.5856973248854183,-1.5636255438994906,-0.3175556963020961,-3.1953466893256586,-0.6142419987046058,-0.15209007178977113,-0.1298567396122559,1.0085354300607707
-2.099420587979387,1.5428651598748677,-1.1299319950417088,-0.04198601889595166,-1.7068084098063363,-1.0881478579770827,-0.6223467367711374,-0.09861980194472302,-2.7489597915004906,-2.120473688136762,-1.5193515648191278,-1.8396120919237449,-2.3824473992373094,1.2235483345854883,-3.0825996594871032,-2.2326302999671213,-2.353470934308931,-2.4454227126157524,-0.7321158225485663,-2.2489560542555194,-0.940174034647328,1.9203466238940756,-2.2743118001033324,-1.2272726747994163
-2.0233969611009903,-1.1808844902321498,-2.559512175739236,-1.126077272222759,-1.44550774022503,0.7106623849629781,-1.0186573046143441,0.2996237595355999,-1.897711068533835,0.46464939119712334,-2.3823724440866605,-2.213835178402054,0.27546043521349917,0.4087087224966298,-2.8701754858882955,1.1158618717637954,-1.6283387200379937,0.8105234370138735,-3.0080278983308286,-3.0473761713688394,-0.935550553758173,-0.3156883435799757,-2.0017423559865746,2.1297942682518025
-2.6055728924175585,-0.7085967531706069,-1.155999264391105,-0.6052408799328912,-1.6216774189864525,-0.45261656857646654,0.5339013614691446,-0.6126474803700638,-2.3259901808121763,-0.9804793269407929,-2.675016125429658,-2.7001664620202095,-1.3291753282961363,1.7751855242480923,-0.9157531454719009,-0.4078064481359083,-0.43390115759579073,-0.960139523917559,-0.1700429952599344,-1.903518123913035,-1.2746347655007444,0.44242309252396456,0.2776849992224405,-0.8737966892476325
-2.303933335663376,-0.35674651426174425,-1.1991245124137802,-2.219152894866231,-1.0169163539765447,-0.47112808711947146,0.039179138901617505,-1.7418329256793181,-1.966389992666311,-1.7610987279851693,-1.8630239297148676,-2.6464927506439784,-1.4380734034135136,0.20748880633644023,-0.8989417286482089,-1.2336611383739486,-2.2824906644652243,-2.1559085014509223,-1.7954241782062883,-2.2503293713370285,-0.9205388459720206,0.5859038233566762,0.050369848827320506,0.15645986351093993
-0.4074008785814745,0.13555495689981056,0.04118722369470711,0.3714946466213014,-2.3076285655623017,-1.3707142256067641,0.24551487422704102,0.16202087244963603,-2.229561492798876,-3.021479087035828,-0.5749233553011006,-2.591988397512857,0.8933817010569288,1.58781873147344,-1.8335431104048188,-2.906571229914121,-0.5908629041281998,-0.09371215583833116,-2.133133097134852,-3.434796587283551,-0.6183196970569653,0.06772146642246621,-0.521950348162406,-1.5543113835821845
-2.7300439173969604,-1.0207577456770032,-2.511319629386942,-1.5970540393880805,-0.9309608622298715,0.2896716353096236,-1.6256293258013055,-0.012482500953557326,-2.864529497547647,-0.9430454371496966,-2.81920385304308,-2.6919357721465285,-0.8802017489272006,-0.019674660431110776,-1.737657826386623,0.39983705365067623,-3.632094181953593,-2.2553027164904225,-2.21773592786836,-3.1334558459335335,0.5883272252226597,1.338478767752406,-1.229040458377495,-1.284870041707659
-0.9537398559368759,-1.6256554363657967,-0.044082224633322065,0.5940413629158223,-2.2443921281785295,-0.7616106231959603,-0.5211069740237719,-0.12925835863999263,-4.089954893977134,-3.1857969855237753,-0.7302351793669365,-1.3132840384391857,-0.6221888396677301,2.0709790123628675,-2.7394833866072026,-2.475307432743972,-2.172745825461819,-3.5810247444806214,-1.5469445105185864,-3.106147481722365,-0.6589744449848607,1.0856503558048047,-0.82036243029995,-1.7205651429830429
-1.6301035461861655,-1.6205268815997913,-1.3591762989004774,-0.8380210682131519,-2.021899866149135,0.21430093638321707,-0.10079177373658137,-0.8937521724575741,-3.530700720348165,-4.583448977235355,-3.30260099630093,-2.8534346101127808,-0.9320467442472321,1.898843792458103,-1.4262610785297771,-1.8837569523052315,-3.8993202352039447,-2.6763024495965624,-0.8564304425927437,-1.1501719329901219,-0.374948967107426,1.056325338490644,-2.609016979866494,-1.7144401804077352
-1.5866343610822902,-1.767770412183927,-0.8917269615472165,-0.34332363559961815,-2.9035632302441794,-0.0273500542487405,0.5271059337695436,-0.44539884988868894,-2.88874029778626,-2.60333283380572,-1.2134723874208742,-2.206755252438968,-0.6849928778654488,1.5148873935672655,0.3516950905642687,-2.7009208741474247,-1.6239613974769695,-1.7030046766630125,-1.857210198433892,-1.8821544441446316,-0.47201598595960814,1.235956449082863,-0.2958599065086517,-0.6759318762181878
-3.1036327143914555,-1.6210003731443356,-2.813060345480931,-2.9573130650992367,-2.1023363423732406,0.09848042830536627,0.185470798657095,-0.0030995307365010937,-3.1253749053240836,-2.417897184896559,-1.3637878400780463,-1.8070234183587084,-0.7601810394727322,1.1776565050333632,-1.8475394758996635,-0.16341291293737664,-3.5162785871815707,-2.339409270831966,-1.7892946991534422,-2.5134009422847665,-0.7082576096512562,1.8412956878047126,-1.5351746409138771,-0.48192433761107417
-2.147412209369526,-0.28942834398119016,-0.6162531927896757,0.392856013489367,-2.784208715503172,0.5734496824591379,-1.0589385223078005,-0.4028568520758487,-2.1666280864621337,-0.7644435473090985,-1.445405419097996,-1.1841258395799505,-2.2845896854262073,-1.1311039961607083,-2.116688705472438,-2.447250216462279,-1.641395758776875,0.7881769770162792,-1.788085621490799,-2.2240864689213313,-2.563593346819653,-1.8803793241041584,-2.031365428437889,-1.2128512881461693
-2.474345486382,-1.0909352557108727,-2.1105125634939013,-2.310786428185795,-2.018498432774446,-0.07940728226223863,0.338684294975979,-0.48701915941715107,-1.2406031938649962,-0.988391446462714,-2.2474457941984447,-0.9380009916614865,-0.7584494755767531,0.9609893150880263,-1.1435418839035723,-0.20640587943127656,-2.1081644211409936,-2.034988448796994,-0.8709110219513343,-1.4963118907067077,0.9103759371693473,1.2607013807636058,-1.9920226759113766,0.12372863892166441
-1.3081535217889013,-1.1112979831082983,-1.308545039166382,-1.5409575530144153,-2.16326316731994,0.19513010732593147,-0.296415538904547,-0.05942854294768061,-4.981921698756808,-2.656040038287872,-3.1027734903538633,-3.2056119378439996,-0.5293511836787896,1.6938168225645265,-2.0651141985657304,-1.025617172373357,-3.4549171792633695,-0.8588248722560523,-2.56175364133104,-2.5542468249099883,-1.3735037333118998,-0.2959264482587332,-1.8254704668333817,0.18544609135976528
-2.545979918742977,-1.6463333237657416,-3.1338787112882875,-1.6039666274099018,-2.245810890567042,0.5638335831702721,-0.6254786032485299,0.0144650873234419,-3.338163186434889,-1.1087611810688904,-2.431419445034157,-3.5094778103888062,0.557060227616165,1.6017825639587033,-3.2061677367564254,-1.3539960684138637,-1.3462207125412047,-0.6736188409298592,-0.2911624992354333,-4.042852576996135,-0.043305094565805516,0.829251016385152,-1.350675827737525,0.8756204029671707
-1.8826855766001962,-1.5496479052630312,-1.8790352981148546,-0.6037523194257891,-2.284523606540474,0.6200393319074257,-0.5735951437627929,1.0470925130568378,-4.7989355088439805,-3.33386422128464,-1.6758566166788587,-3.3433231695183183,0.5475165467922188,1.8301366350772026,-3.346907544843446,-2.381654275656836,-4.362017995392337,-2.9620745600239142,-0.7260149518910707,-2.9640482758251445,-0.10281552505676034,1.698933012142778,-2.070477999590824,-1.6676645865614714
-2.384390917177798,-1.1650147926868666,-1.0910331735732806,0.2830604496761905,-1.8576597896779257,-0.13411592142571127,-0.9001687683772812,-0.0022965564307215252,-2.437955355420279,-2.1225554469079926,-0.24786105977972814,-1.0699720246590845,-0.4865539073643885,1.1190347152525044,-1.8127054159242888,-2.398109661485191,-2.9806108336695796,-2.32176807257316,-1.2569325541045606,-1.6402112257807344,-0.23943096268689917,0.6286056876067238,-2.381921177296384,-2.6103410375662723
-2.6636994408011376,-1.3151246323050876,-2.0481573904610357,-0.42116374436912213,-2.2725161540391263,-0.7962555670293623,-0.1510395289813971,0.42372864307970104,-3.681047300041452,-3.032784764008364,-1.3883928023498389,-3.138278783506831,-0.7325914839118697,2.198562196087301,-1.1775860446123065,-0.48167366814835216,-2.815588915456398,-0.2547518600269672,-0.3872991936481548,-1.5618046673814072,0.019152159947001483,-0.06204493595905463,-1.939874481865679,0.18303404308146792
-0.9895339100238735,-2.272854111564919,-0.12202185725135903,0.35436308372478464,-1.260314801970365,-0.44586504984515585,-0.6935536296718727,-0.7628803123830059,-4.701100428276464,-3.672418199570751,0.005698264606432288,-0.6708801001280629,-1.0649791865678602,1.1472374430766954,-2.5250142864392577,-2.7923315807121725,-1.5525783749847073,-0.7909275128544805,-1.3876114123644143,-0.5088214350227883,-0.6808170519145588,-0.15595802120387664,-1.5879855535864833,-1.2273664230563484
-1.4367566197177641,0.10193792535101186,-1.3890597169836476,-0.4778035915470817,-3.5820668540133167,-0.4742088144968428,-0.5349610187786015,-1.313096990004093,-3.711220336074026,-1.3930780308837798,-0.47888498328536705,-1.1159248854341777,-2.355212138877211,-0.3702229509121752,-1.8981970596866924,-1.0676304214591372,-2.2060312767228147,-1.5812243539630233,-1.4573006417381746,-1.6898863464608267,-2.5989061685357093,-0.4164619358754406,-0.03504271698992524,0.04610347545213698
-1.4572203375883699,-0.8128292653016969,0.2334536349050746,-1.05940850391049,-2.651130259495811,-0.9312561360103865,0.9018476133822569,-0.21747535013143843,-2.1357158100353053,-2.8831502886751057,-2.860420261919512,-1.4291625791791867,-1.041683099133686,0.9763221308539012,-2.0898340949688365,-2.0113890270526844,-4.42382193281073,-3.346562759574646,-2.1035069145491154,-2.1038015120052207,0.24857093616347037,1.9321144152225662,-2.629254691320761,-2.024573926891174
-2.6475592290577286,-2.083243143768118,-1.5123194451355901,-1.6133667003160181,-0.3882868093701778,0.29848188542842063,-1.01736902079256,-0.20192611322684695,-3.2675229364416953,-2.4989608471939113,-2.7147639424876755,-4.191515896159486,1.0355055760547323,2.88933549955105,-1.6831074858645165,-1.4110214610461884,-0.6871777105763744,-1.254470679264166,-1.7391055525364572,-2.454457109968969,0.16490012450063324,1.5374259253223608,-0.3052712189920259,0.3490643781327274
-0.540992891996023,-0.011993613687452286,-1.7463223747893897,0.4712954382562833,-2.732088264055657,-1.0744579631778077,0.9004928215884531,1.0881002274945029,-3.6579814698070092,-1.5731817102117969,-2.285913496769048,-2.068496608688086,-0.5699980866747574,0.32888404428725426,-2.620483524903687,-1.3206748839800084,-2.7455187560899126,-1.6233166043449405,-0.06396273011618177,-1.7946752821299892,0.0844627431655932,0.6013790282197208,-2.021194817167265,0.08823855889246736
-2.8084521908950766,-0.27191356877545736,-1.982779951694782,-1.4902704711265065,-0.8537837712934615,-0.9199890901960288,0.4127754880704169,0.7983889140458934,-1.17289186603228,-0.9749148314023869,-2.545123488242107,-1.6872954680743597,-0.38921769973234593,-1.0944229938933994,0.477713692442447,0.48168007386449935,-1.334164747188165,-0.35593315821249427,-1.5314160100145842,-1.9951930592706661,-1.9723242680898143,-1.2165703928057714,-1.1166099232198574,-0.6152866968742605
-1.4343878674308836,-0.17402587598894734,-2.8616152804480146,-1.6801257215004999,-1.7836078163932143,-0.7481919516661413,0.27576333993505586,-0.31781003901268784,-2.7601052418323384,-3.3579355490926908,-3.3138939855358736,-3.483130446791858,0.6243684145915538,2.500219618884579,-1.3795981296321504,-0.6626532614239253,-1.6075518146363579,-2.858439456232038,-0.6685295125183396,-2.0119378000625403,-0.6764613011929912,2.47073302056809,-0.32509234904970374,-1.4145245400713233
-0.9947878107454825,-0.2579488713798058,1.1617208320679777,0.08586659051772665,-2.9763063216214176,-2.045978269703689,-1.1441287405585365,-0.4389361098973702,-2.1866953242089604,-0.5674269935568582,-2.015080923235572,-3.3534223654223103,-2.122841709932025,-0.6042706453263162,-1.5017089739736462,-0.0028923021244912773,-1.864484585104437,-1.8654496783311794,-2.2721367946232913,-2.2722798343308894,-0.10479428097370193,0.8363519623534456,-1.5818588512241702,-0.5336219551375652
-2.187218036144246,-1.2259734484327511,-1.569723965909774,0.0510321693614593,-1.2522242047994814,-0.006512557681107594,-1.6875037005443896,0.4372012879600875,-2.4596294699999306,-2.6822580379417484,-2.074367819628858,-1.2296481324696495,-1.2343072408042473,1.4854353083915954,-1.969427982915513,-0.8468985814832728,-2.082038868062117,-2.046298590698357,-0.27196361117456097,-1.3055486014312208,-1.3481153750020156,1.225893610723229,-1.738867446704621,-0.2096676095956743
-2.5031283673428373,-1.6554284533147943,-2.6333140733154923,-2.1571384689009343,-1.8312584969844026,1.0331899514414131,-2.2620257794960965,-1.0522053139192709,-4.224651294040172,-2.590922192728367,-2.4978293699406255,-4.044279650494804,-0.044271152039945104,1.826038105080026,-3.05928353875676,-1.956313317392343,-4.270051628971767,-2.903137565415215,-2.186775984076182,-3.690640307115371,0.8233729763215837,1.7372433381292467,-2.4368055160749225,-2.4326971963988453
-1.8727071328099834,-1.282531468284946,-3.9845635608360697,-1.894681275287522,-0.5779222151335246,-0.46049142541113264,-0.16438541871337292,0.08774782827051715,-2.673285846371021,-2.110494418501879,-2.21711692138536,-1.6511556655506037,-1.3428560721533631,1.1366719799882752,-2.173060921265575,-2.1909463939871867,-2.825328236046817,-2.168271636687009,-1.0453836802015413,-1.9334354568494163,-0.4203809592771413,1.2825187648247391,-1.4436203264760503,-2.7314685816199598
-1.9460948579838449,0.22822919633224378,-1.6102288795743456,-2.154127905062419,-1.4444279408867498,0.5496162724016364,1.1900411065079752,0.5100939307888862,-1.886070537053255,-0.817908578706721,-2.816939939826346,-1.9119436425856002,-2.5975689384495877,0.4632208982593897,-0.8504224271035513,1.8371687451292136,-2.894660136354079,-0.1372960708122285,-2.179826131167532,-1.807496361366172,-2.623858988071414,-0.941782873604571,-2.1086422058020213,0.626855940233205
-2.1441442917554125,-0.41402291434984784,-1.9943737775863986,0.009515960663973323,-0.9437023010557537,-0.9639289371507834,0.07683542545793712,0.34720489652398656,-3.27114583238603,-1.0520196954671757,-3.082674811936534,-2.409135952119874,-0.6656341679251073,0.6080760210373113,-2.7320863871687386,-1.6237143437835595,-1.7578709340410348,-0.12741042335076772,-2.275707756000869,-1.4589408194616194,-1.5186372913985586,0.03510845892055781,-1.4753845260540728,-0.5558531957879318
-1.4714815628086075,-0.375833980689617,-0.18401860846757234,-0.42989359782594677,-1.3364719681631774,-0.5512517603107675,0.7497090714241967,0.9205457688756281,-3.6744376224829245,-1.2245149937229132,0.10057028099060358,-1.2759236690555682,-0.5806290696353896,0.7874940995707942,-1.9231196620945035,-0.35320244899810416,-0.8892547001696638,-0.12252744728884239,-2.5060036065127784,-1.018705330801082,-0.8898318205459342,0.46695874091676903,0.44200919045423065,0.21472166919454663
-2.7367628913125093,-0.9648565360746848,0.22274771641950958,-1.4839871607997457,-1.3268857755338301,0.4995576113487289,-0.3588115444069673,0.10033685495148424,-3.7043522535818476,-1.8596108175752557,-2.096703563318815,-2.0143586382221472,-0.6371781621823155,0.8667285355359025,0.2900235889936234,-0.1721029068336643,-2.6874963014215467,-0.7067845018506653,-2.849687762187088,-2.420703641085158,-0.8087578701666676,-0.34999526434210143,-0.973982584197426,0.30946456835549746
-0.5655777943483462,1.7475927763686874,0.33507349010659404,0.23943703697577567,-3.107894065451406,-1.977201486761915,0.8523106481904065,1.7681373032036418,-1.5432000157636478,-1.4070173266234371,-1.0659132077327231,-1.2723345623528988,-2.279705791727808,0.8533223205197132,-1.8877741202594838,-0.40378948905610307,-2.770596197743318,-1.219030211772932,-1.968360091467826,-1.1196976193950552,-0.5988109331818028,0.7841601191390369,-1.0811171404944306,0.10690382357581003
-1.0514804727703753,-1.8963747725456628,-1.1155960982544997,-0.7972327206624547,-3.068455224394638,0.27296094435158336,-1.5050388676517403,-0.8335362352637087,-3.1429951086867267,-2.5709021096499574,-3.0495594038087495,-3.8093401990833,-1.2481806516434464,1.4256795262996338,-3.691782970698366,-3.6955316384052233,-2.7988953535262713,-2.7958507220562323,-2.649278070940642,-3.937998222981543,1.2357566106790674,2.3531312236343935,-0.9219600111558736,-1.7358736105557313
-0.5009589785964739,-1.0866805829332646,-0.9223907527144848,-1.4378235073130137,-2.8031101661722713,-0.9329780769260559,0.5215910662015352,-0.1814505373959221,-0.5239251368348224,-0.06469928884545274,-0.9735206812887757,-1.1644890712758713,-2.0834710562634347,-0.46673541262207247,-0.5193641014537507,-0.2627882293609074,-3.2204785602473573,-0.8368860116314923,-0.8559331143911992,-2.4328324772997205,-0.18508066817586805,0.3421694019112239,-0.5023096037305032,0.20576446389385122
-0.9485850780420367,-1.5569373868809473,-2.6751213345753233,-1.4785053638534436,-0.3583158419255972,1.6951213341146973,1.2706997326692961,-0.9657203048172078,-1.6533363768248996,-1.9667439644793365,-2.004606778500441,-2.1688886589711354,-1.5053764421270581,1.2846488662810696,-1.7592366824140213,-1.1395127697130774,-3.643656039475205,-2.6180761860717423,-1.683022716631928,-3.617126360488009,-1.8257395449952758,0.6844612108754012,-1.903781450408643,-0.8181447121422825
-2.2682329576436393,-1.391965888991999,-3.0056661627431054,-3.470003689706887,0.3815950802087511,2.471509188856742,-0.5867356414639956,-0.01763695251647738,-2.465310456677792,-1.7813279982490255,-2.15842474304571,-2.989514569532106,-0.2452796085213244,1.380838014184873,-1.4165016325617905,-1.5459225806810655,-1.1842870607162679,-2.0066431909880533,-1.1523817134299326,-2.8509230904315066,-0.2951231241268046,1.364824348323344,-0.6188116343564228,0.31265619595631516
-0.883593143338089,-1.4551817543323553,0.24152915990270152,-0.538112707210184,-2.8424530978097042,-0.5511191344648,1.474520224930188,-0.1105443317079512,-4.606246405699463,-3.0875997421645116,-2.234176066892941,-3.919203672151842,-0.29837395062572025,1.4626904326219612,-1.6789805333147945,-1.2295135672826807,-3.649225168957273,-2.257955232628794,-0.8348046743053882,-2.2945133283064423,-1.0963464366691278,0.532679784573636,-1.6551100469571696,-1.2155382953591998
-0.9014542780712219,-0.7100154470061705,-1.6176646943334574,-1.198134818239677,-0.3315796801944615,2.1179853954002077,-0.5218008438282191,-0.9611116229707793,-1.452226971424109,-3.000087642799487,-1.7605627129191446,-3.9950371921015355,1.0135964696815802,3.181283572269326,-0.31071536256143084,-2.0258380373468956,-1.6105941462314122,-2.7215352518587563,-0.34521737492567756,-3.0889086912177715,0.416344229214012,1.9788134717416075,-0.904905472297602,-0.9785148969260085
-1.9117047002407386,-0.9811015857515476,-1.7379326622987123,-0.5224642686081316,-2.511518856822471,-0.7270726156069498,1.5084549010198842,1.319154316179676,-2.1252536117464387,-1.589137582311669,-1.2174026424403928,-0.694531805151228,-1.6375718361591414,1.1149882961819708,-1.0305669656493377,-1.0430695072176646,-2.449776842460545,-1.9302934479093252,-1.4810081083919562,-2.170919974264394,-0.12411775232894166,1.6907154411607574,-1.458070044658211,-0.9520185618857261
-1.7817009118212195,-1.082941203850173,-0.9694346624272739,-2.118424224796241,-2.8888980910288993,-1.5349694949381751,-1.2325276944219488,-0.05445282696814806,-3.3662516734951993,-1.703369576960273,-0.2695069209473803,-1.6880149867725371,-0.5106810333301515,0.38622400978458493,-1.8280796754284032,-2.2682423117255466,-3.723118881840789,-2.0868837631204444,-1.1170645449282284,-2.5717653187516163,1.0368158841828121,1.8852034330377918,-2.0934452693576464,-0.7144420672547974
-2.0860993918419926,-1.527619650612307,-2.101154788708726,-0.38410579070973816,-1.4398087942076856,1.4735783939968088,-1.4923272081510879,-0.4808568667395353,-2.123912614948655,-2.88314396829301,-2.4964772250593477,-2.116795679012554,0.025162313823536835,1.3047513832302369,-1.3710676752622792,-2.3422499040174927,-1.898208266409534,-2.352420945836062,-1.4108687732494425,-2.429684332504185,0.22674838652873444,1.0948513746476212,-0.7199599033090115,-1.0553180090016
-2.074370666865175,-1.8365130488900523,-2.6585756027904295,-2.029135811260476,-2.0538153952128053,1.1562476028034634,-1.0088746379031572,0.08925334047897103,-3.8756420117090227,-3.5381512565959534,-4.716449939838484,-2.8990922902198193,-0.22991682360648466,1.988897987707952,-1.9873595669420911,-1.0460921553775566,-2.170059725655327,-1.8448347910034038,-1.6108468658104114,-2.615138701933002,-1.3443908408528258,1.083156706826969,-1.1861369203601346,0.07950021160639499
-2.92974310107789,-0.5693603498842684,-2.8797327134635013,-2.212319832822644,-1.4003343378298025,-0.021981405870151512,0.27194068234126817,-0.03661921898498871,-3.0870816914627417,-2.4340259656561813,-2.456783242015126,-3.227178628644395,-0.7941289027255324,1.7710071230034492,-1.9673307865005665,-1.5765547513347056,-2.3822003454749594,0.5657950270210398,-2.8362364021873145,-3.4393657479750197,-0.6778983185770001,-1.3070081387601624,-1.9728022679587762,0.5355376542817353
-2.0123698431848354,0.6270712897539674,-2.2101763385517788,0.17144719718974352,-1.760763729006625,-0.3931577153845568,-0.4547545211666047,-0.30980743355328544,-3.3817440266471794,-2.7722622217050907,-1.312222390530182,-0.4952430909700795,1.0044840328829403,3.0697094541932852,-1.7799046230832358,-1.1819175344100252,-2.3326251890330827,-0.850433152010287,-3.0262651228125237,-2.7843260031274095,0.040745275717659644,0.4910443059212606,-1.8662320806663575,-1.2850014800006484
-1.9481820990890633,-1.79308100178556,-1.8192459378207815,-0.13790547064956934,-2.4280223708108934,-0.9605291680608904,0.7182959075675487,-0.1399644618201341,-2.597371604399943,-1.3630713794377491,-0.6940355937649404,-0.0042720643794778804,-0.6292933754368067,1.3559226093367225,-1.4521377108706195,-1.5541046803817267,-1.9709667806591684,-1.5325330860956434,-1.5734587457679923,-2.451820785950146,-0.4754776589607268,0.81536340766339,-1.257190548783933,-0.4148370767599392
-3.121796136448972,-2.070102038892599,-1.8578778270275385,-2.4883037317312153,-1.4615109071531869,-0.08401154963322599,-1.3850666847255035,-0.8902931215316284,-2.5159099723368836,-2.258211591068574,-2.4556208135026814,-2.0135340340423364,-1.3085636614321428,0.9625584522724495,-2.595668385549252,-2.308027723344247,-3.7714988989841096,-3.3511423975519086,-1.886274442662557,-2.747264519744832,-0.5902683939464068,2.0071993480435695,-2.3815120023380856,-1.8783306726336626
-2.8983125605913593,-1.3259875653092952,-2.2487895436070144,-1.9183706990079634,-1.4273993472929885,0.45195977169819945,-0.21402776885291655,1.2174697519182427,-2.456965941380499,-2.410615000503397,-2.7034368446007435,-1.4200934918312027,-0.9993551881457539,1.413306226048912,-0.04322514619421132,-0.4716104152958316,-0.9094630411497494,-1.2782814539248921,-2.714686954992766,-2.79251305705459,-0.599157196193614,0.7534367205901359,0.37233297129623355,-0.5706074137868611
-2.8695672823569573,-1.8093172966002191,-2.3309610317530267,-1.919997233056298,-2.6255138255001373,-0.23689928953731,-2.2064911182562215,-1.9501423491091254,-3.093232481985605,-2.247979408293918,-2.68771558286157,-3.5348894425658983,-1.068772768271803,2.6748464622885804,-0.3928814726704151,-1.4502263629151038,-3.7240056280482206,-2.653348018575791,-1.9889070658577852,-3.0090138320630073,-1.8881243781773713,1.5977527755526182,-2.064993311860012,-1.534972878206124
-3.029426067596583,-2.1966774628711323,-2.0930214440172126,-2.069639637152866,-1.7265212886231398,1.2015675058051796,-0.21418992269348866,-0.5036126891632651,-0.25764937950553773,-2.2864937162494776,-3.330403592349274,-1.1463122134042512,-1.8775752638932242,1.788100718613403,0.28251784834856974,-0.590890686315322,-2.0342308598365495,-1.5409539287529148,-2.677983848556487,-2.8707508739224794,-0.3382628825568365,0.8053976714859191,-0.463675161664369,-0.5573069702999687
0.02195467804345682,-0.733870161543449,-1.7852830701406703,-0.8315750743709839,-3.00515207031531,-0.07818548482135791,-0.8841297830926657,-0.28732649612208183,-3.3145978767436786,-1.0015290118393623,-0.7909961426499827,-1.5808464234975552,-0.8603013019201996,1.1398214011939025,-1.9210756988896818,-1.2213880933143437,-2.6914026252749306,-2.9450641328894966,-0.41973379239302455,-1.831622886561712,-0.23499755307861991,2.9876210019513225,-1.6199033868937436,-1.040801777876267
-3.6778801579172486,-1.7589401007844785,-1.0189852554915864,-0.23715538534633507,-1.0575817260158096,0.9238392289049513,-0.9178756082079684,-1.2769501960925551,-3.2184693769954484,-3.357697502603977,-2.1326155618310785,-3.3703446817374956,-1.3240853087230493,1.1939915060845554,-1.7010006790749836,-2.431191312359453,-1.6697200970472466,-1.5612517667133854,-2.497672148352016,-3.2540976480875354,-0.5937607102122329,-0.03766428152102492,-1.6210700939959695,-1.6578369607772763
-3.94029204036162,-0.8205887849814804,-1.7123720202945603,-1.9949206548838239,-0.9728026691327447,1.2774069161056485,-1.748519856210045,-0.8219186568768915,-2.095089557250508,-2.055868460136014,-1.8706465533790535,-1.578843272400154,-2.351440506165697,1.3465688809840186,-2.2174473447708847,-2.1931240079497063,-1.638323159544133,0.7268672691537539,-0.257070847024169,-1.4482009364329702,-1.097592109666626,-0.11834843678367607,-1.1093697209384792,0.9924138672967844
-1.80026685425915,0.007600174160595283,-0.8303713970605804,-1.0115768093631852,-3.212113370575627,-0.17849402134011155,1.4616697971663626,1.7133636663982201,-3.980274541230905,-3.5810772223644367,-2.367537412110394,-2.8772314700387014,-1.2006633818985748,2.1770054365237477,-2.094630608376195,-2.854076601425694,-2.883646450778579,-2.3585668212744637,-3.202586026274495,-2.2427205520097986,0.21774517993758896,2.547542780235337,-0.9499779394097223,-1.4735830875937606
-3.4943311008414337,-3.7780351372420693,-4.049012223958995,-4.144083537010282,-1.0013041650803847,0.7289949837175371,-1.0622656728055933,-1.2974837680844886,-2.7522798958932975,-2.0979549869058762,-3.4471468852607146,-3.1725815585725767,-1.1063821814495989,0.7067574956990897,-1.278262294137185,-0.8463942504270038,-2.031399470803547,-1.8781513804431327,-1.4218570814367897,-2.9819881206766623,-1.6991179809091976,1.8973152134856242,-0.09388026374384602,0.022468628596274586
-1.9400650416218594,-2.7749933001466855,-2.205106079572017,-0.39457878519248935,-1.5741768007311727,0.9305871660699325,0.17857122463569086,-0.09941635107541986,-3.4134778187350476,-1.8130326089035738,-2.656442052524351,-4.075890568704612,0.09246645340836618,0.6467759580576177,-1.8968009570306463,-1.7038290066975563,-2.871449732837474,-1.7324504099273097,-0.679440335260982,-2.334586301987054,0.6579708871221264,0.798012751473779,0.09859356345472922,-1.1373102676464748
-2.325617154739056,-1.492989297676783,-2.356978410658544,-0.9674369414694935,-2.4293224849875616,-0.3087447964073649,0.1637616073497194,-0.8985907676357469,-2.2889991138672663,-2.528806226889124,-3.2586119514172696,-1.9067701445884608,-1.7392768730327741,1.5794886509441441,-1.4612136327593535,-1.1440050020575399,-2.479114267306066,-0.04277616801148612,-2.0430567825463606,-2.6740754833058284,-1.348718779219802,0.48016212331604274,-0.3740950907801313,1.156544534948122
-2.727544480981103,-3.335403151035663,-2.6189455316230412,-1.992687972583576,-1.3367946596997122,0.9044717412019351,-0.8734763149341199,0.1292966679133158,-2.305926361366436,-2.3656353139420507,-2.153757761620517,-3.229419325178315,-2.096170773360655,0.5097790944701159,-1.5621545388019755,-1.8131126798181656,-3.446390325428032,-2.7072473952194644,-1.5446372799075008,-2.1606327531636063,-1.1556179342105186,1.536829093043095,-2.3704121414232517,-2.0008532663312697
-1.3930974370369225,-1.5148756264342371,-1.9877059462085997,-1.555654778236368,-2.8363116126360364,-0.8222006623961318,-0.2695890394165752,-0.643727019600683,-3.2120905845159338,-1.5860795615370256,-2.9208748487020997,-3.2103082182892018,-0.9353478494014081,0.013892368068218933,-1.3629761428537597,-0.897309102847957,-1.1033673705906055,-0.7445226737950058,-1.673094611457279,-2.2318553319338297,-1.9394342063305872,-0.22198750326138283,1.553149864740858,0.43326770032320194
0.20792239930783354,0.08197984781443016,-2.3939405737619275,0.4247595132244835,-2.0429563692667827,-0.333987062758232,0.35484353292982335,0.28259417139331633,-2.30255618829109,-1.2284749563365505,-2.688961630551447,-2.6380266084350197,-1.069477869436719,0.5968715094809636,-2.4928617852737074,-0.3637163416686213,-1.8748582595385073,-0.9816338375648919,-1.502942793005251,-3.1173364679939968,-0.2128334963443771,0.6083313822880646,-1.5717523881879905,0.2919220317496914
-1.033580365077421,0.17999804158898458,-1.2831008249921372,-0.4700645857441557,-1.1525571987425602,-0.5820388732239447,-0.2542122285127284,-0.457237569786,-3.1216895566696556,-1.9130306625510105,-2.5313225859457344,-2.3040513768293165,-0.7348517112185182,0.7925193109744942,-1.7151136679244663,-0.22046300170416175,-3.128372132923705,-1.3732002777415628,-1.9314871768329192,-1.5453260864826102,-0.4241558735593136,1.7580799039306056,-1.62936831270657,0.9677203100676295
0.4651145802599889,1.218466822460221,-0.354542150758472,0.41649267749675173,-2.7829970035056486,-1.1847036521653191,-0.8570231290874547,0.9171722445298974,-3.7211166951928134,-2.7351610801563373,-2.4638979899941043,-2.614878685748535,-0.12071756490308785,0.7261754289067719,-2.5751986391113655,-0.5519288086186118,-3.03548079564919,-1.5352551317698027,-2.637985250855785,-2.9676475672094726,0.34981080097755024,0.41158772767110374,-0.7152377325483057,0.8841383771689779
-1.9272608077514966,0.80600044210983,-2.6349337159247685,-0.5112997240528239,-1.0238141689653442,-1.2463428568560273,0.8715633675657924,-0.2745472040821113,-1.6795332918734553,-1.6437600847922154,-2.844094829986448,-2.530398910691475,-0.37303752116142475,0.9510047893723398,-0.21550088382778537,-0.1802592308081839,-1.2324673046173167,-0.8233868457449035,-0.9090092317648006,-1.6457309140182013,-2.1568271667197956,0.280322983674167,-0.684647109157394,-1.9207182695866825
-1.0085853575525188,-1.3383061105495546,0.7145876165025271,-0.3178652775513323,-4.397218844306797,0.7444275740600321,1.9742134512504155,-0.06531129017460684,-2.7054099059552206,-2.6989070089282072,0.13653339403433096,-1.9196480459610996,-2.2948719682712446,1.190659019316681,-1.6069154048629413,-2.4730031029715316,-2.9996476012467124,-2.8155217725875383,-2.1520311567809713,-2.2610823860208695,-1.4997945659252685,-0.07970133699625384,-0.40927543683022805,-1.1216570696526402
-0.7515440562775739,-0.22510701369762137,-1.3843128440601637,-1.2759960129117147,-2.6107221930380224,-1.834000971565858,0.9353167663211304,1.456664790818652,-3.2297328232925318,-3.5839708079518666,-3.4104193870333397,-3.062982784788795,-0.07578566480237375,0.9953539731933166,-2.3432299577144517,-1.389281979987863,0.025729995113171193,-1.4213795925966775,-2.1195876178336115,-1.5966102684706593,-1.3833647840180503,0.30434106817485196,1.133115586324534,0.5054810560535036
-2.1606961582532174,-1.5307619160753265,-1.5292866690028117,-1.2307685267676058,-2.246880993959675,-1.418598946398769,-1.5895125023448877,-1.077624379170472,-2.22901952353501,-1.956048972344925,-2.5965986736457047,-2.0432429757025248,-1.4180039808852811,1.4637744008708906,-0.584070912031458,0.28529459461563433,-1.349844921611599,-1.7424252002870861,0.11322843915831497,-1.2970886247609494,-0.822899141003755,1.3884245501651682,-0.09881938413025619,-0.8847747849515338
-2.479740486286065,-0.9763948651075108,-2.133903184721557,-0.7278215011066196,-1.6300658068232565,-1.04655043129681,-1.1648012303221724,0.3861997279538512,-3.7532416965272195,-1.606177966446702,0.16155295623647378,-0.6141347438128192,-0.03083081819843728,1.4977962283595192,-1.749438285893438,-0.9088148487922011,-2.9202610973617618,-2.3771369160975273,-1.2784063751000023,-2.0751472829554523,-0.2553467388297569,1.2070046369722136,-1.9087055849790275,-1.0368270677478633
-2.0819578864857116,-0.5547139212228893,-0.07386042073063828,0.6433809012843088,-3.0109590078416364,-1.2895312386139115,-0.16019361932491916,-0.12749309056709893,-1.3137757588844934,-2.4163878408697315,-0.1523731317692685,-0.7610243875363244,-1.6087128996951068,0.10294017019823355,-1.2063170610956269,-0.42431362962071806,-1.4439505910923809,-0.9895200573781381,-0.06478229478965629,-1.2982495114505286,-1.1567038179411482,-0.3476745667649386,-0.5503680189027524,-0.45895545429861967
-1.5876797033121164,-1.9302658502249654,0.8107309503972522,-0.3231949011162632,-2.695884554940356,0.20575237627681203,-0.9184696183419717,-0.8928819311948315,-2.157648802787136,-2.0839152181539027,-1.6755894835652982,-3.1948730876360534,-1.5716409990004923,-0.11036172184745313,-1.8067418136737785,-1.1010654249702039,-2.577179718077155,-1.4827174404506822,-1.010490591054894,-3.0059538704549813,0.040424768776694125,-0.09027151980017259,-2.1973255248132033,-1.4689670623381421
-4.402230022081683,-3.0198406079872333,-2.453132012538165,-0.4207119848765296,-1.9428248634867988,1.5701912154291953,-1.434206931207255,-0.42766948434186086,-3.719679789889478,-3.5592110290685954,-2.6274042055808278,-4.140628517560247,-0.09029719255874874,3.414603068240518,-3.045975275689881,-1.5255193645825358,-2.836900847383548,-1.6617597735934133,-1.726170298642612,-3.7487885187706245,-0.14829287493092724,2.7761411821499826,-1.9028596806342528,-0.339028548224134
-0.27727200543379904,-0.6536648882022453,-0.953867028808993,-1.4477599711883389,-0.32505925911992795,1.8370641751031724,0.7925612152714293,0.3118689154197958,-3.1239977055810555,-2.845026435680672,-1.2964772923514747,-0.9304206763637026,0.6307045524832002,2.8511502608766515,-1.9160187474199277,-1.6246136165508591,-2.1984212521887248,-1.7013631051781384,-3.2129350287280647,-3.362873438490059,0.7224969553942531,1.8517635585416659,-2.2831057975119244,-1.313554630472486
-2.0646742840272676,-2.2475951984791793,-0.17114659314498812,0.5610714252274979,-2.0377905832403203,0.2198602882564402,-0.8516842486856804,-1.3371577287328913,-3.438832079550706,-3.113787662472942,-2.705527679458839,-3.1244272273157585,0.5481524566938899,1.920340255665829,-2.5681126860138175,-2.6984477431773977,-2.079239849897677,-2.105745462584063,-2.24682208127165,-3.1417920178978287,-0.6898802520878022,0.8739093721526057,-2.6517476028558087,-1.3273166451447669
-1.8883484822890761,-1.073103935861939,-1.5618265118762857,-0.7784803585366181,-3.0127541370803756,-0.6101887768536477,-0.5896926464590636,-1.0723900656532357,-3.11817554285246,-3.527019773451303,-1.3964506670052808,-2.203779801929346,-3.053011280522966,1.4189555181815212,-2.0036711703330012,-0.6747434602894375,-3.362717174326847,-1.814129609255979,-1.4959901874384343,-3.4707814651093125,-1.2677693141456898,0.17509989207674131,-1.8919332009959042,-0.9404655836851735
-3.2972512801363636,0.14746425609168484,-0.6722330175424674,-0.8066952435830052,-1.0776842442143586,-1.6990270599901767,-0.7392986581089347,-0.20759944755278217,-2.0509055623120527,-0.9089350213281517,-1.8148957302349606,-2.9896370436254687,-0.9686582918025592,0.6187642148773017,-0.9423391629555655,-0.4617392933699466,-3.2553453198413393,-2.448752159122437,-1.5337456386306727,-1.7740425153958088,0.15413377048001756,1.4157145652895602,-1.669331620324052,-2.1019112155544537
-3.063261265276277,-1.6640679484929082,-2.383002189184824,-2.1969584135467604,-0.8437517029892485,-0.784526545556213,-0.47505343453774407,1.4703330809538606,-1.3466696792986965,-2.3149922316811264,-3.5595982427752797,-3.6062750006632287,-2.206819682568242,1.092495300271353,-0.14000007214715005,-0.8123674367223217,-1.7115891586650334,-1.6400525863116922,-0.7611318596778134,-2.2947737571024103,-1.4573191813753101,0.004953416633551906,-0.20259619979777824,-0.9198090446982826
-0.10425177105902302,-1.3239907691592034,0.42655575183660566,-0.06577969018747698,-1.073258406005653,0.37924869152706125,-0.3268955111417288,0.37439346223302766,-2.9124954241058254,-2.415690877360878,-2.7393509896361246,-3.74409237012821,-0.43899996659110946,1.0771476554002137,-0.6251917484366794,-1.0363779324657891,-3.504337687138041,-2.875715113533544,-1.6684940578754845,-2.9446660746929596,0.8664131303410301,0.5338635228221612,-1.4189123034570683,-0.48374835865620763
-1.5215550806420926,-0.331282713881301,-2.0895291030167584,-1.12998028579257,-2.485901141683378,-1.1261452627865054,-1.621546101711465,-0.76502424561271,-1.3828931405906741,-2.028730730572815,-2.8413097207808615,-2.2467071715641547,-1.1950712080109231,0.6394860316403495,-0.7142255791315614,-2.511937152736475,-1.1714295653467983,-0.7134726557891796,-2.211829475207103,-2.5088933271554072,-1.0791849354856369,0.862694187305501,0.1806750784044105,0.18735324185115437
-3.124747890141113,-0.16043269464125762,-2.628692923253845,-0.67201780646798,-1.4885274844716463,-0.051689644483283524,0.06923672710093726,1.6112912738617577,-3.3321101303815706,-1.939852666801506,-3.994217690508248,-1.1597745567806033,-1.7976874797681974,0.9210111883907254,-2.033468869757807,-1.257719381752878,-3.9253386006684168,-1.9195947925107961,-2.6654550721067456,-2.4850791763175795,-0.6513238412369285,1.7138605982028654,-0.06810291840266905,-0.4080726352899845
-2.4778834604739686,-2.8549592277315448,-1.055452884291948,-1.3819822340626142,-2.332547274447865,0.07464952212847442,-0.9979000854874105,-1.0022221516756504,-2.821514606658904,-1.6409692621475864,-0.8678838591315456,-1.4257400420256585,-0.917148830818207,0.7952377636000182,-1.7233109364740054,-1.366045134043954,-1.9264897865700736,-0.5792149798337615,-1.1827655588263863,-1.614991170043427,-0.18267821548356705,-0.08297057983650066,-2.123028551163356,-0.6698823918497436
-2.8616695751379133,-2.2120018526821883,-2.8260780977702478,-1.9524899606460162,-2.4752105725525766,0.05455273312391658,-1.345890737375934,-2.5861840910149434,-2.849801420655263,-3.2247251742057257,-3.011919080299712,-3.0476234751569535,-1.4804952406831342,0.7019423382719499,-0.9748285280027654,-1.5444736779520574,-1.5875185337736681,-2.47438906256954,-2.2749844752721997,-2.433486181106812,-0.41486219027966037,1.8273927614760905,-0.1206461707542721,1.4430155959826363
-0.5883034537912329,-0.8901569215135077,-2.1251813353671576,0.32492721750457015,-2.4864547186474595,-0.023774718779397453,1.8947582309384674,0.0625657934578125,-3.826709219329526,-1.735182021028772,-2.605115867449822,-2.833847259766981,0.710044882499969,1.9845720463261396,-1.8792834734912105,-1.4453678667705372,-3.368884898520789,-0.9566527197171478,-2.5830656565542878,-3.109405282260765,0.0028257583971351514,1.1988781363980432,-1.1996180820184288,-0.12552750077268415
-1.683669520617165,-1.8081001860352175,-0.9888116018312317,0.1553288232845054,-3.0454682684526295,-0.13237031231547716,1.6120123225559255,1.0100917463138814,-3.857135313890248,-4.354039163596326,-3.146289363440575,-3.504115563548331,-1.6914180907423115,1.9417560135976981,-3.05321900464084,-3.361464793325685,-2.755130461815582,-3.1002236651621615,-0.8633401746158539,-2.5770501519300977,-1.2774187924451461,1.6995313513396797,-2.8583993856140446,-1.5763967537430845
-3.4485725772693674,-2.330938195790111,-1.5505209914108224,-0.723622016653525,-1.3020993827708567,-0.08617203627359617,-1.0175292021066782,0.42470160919177385,-1.759931759137838,-2.525864581675965,-1.475969844450788,-2.7351491457490282,-1.1817032685381614,1.3190684035849876,-0.787186000378424,-1.9638214406342587,-1.7767169296133953,-1.1005861527828469,-2.0630348595429924,-3.4998398443323975,-1.0607042626606729,-0.5100387662355461,0.015826842538919455,0.24493980224477763
-3.081803067574282,-0.1794149464819816,-1.8908974191430044,-2.36786465764861,-1.1856210031802217,0.022377609022328594,-1.1464575257703082,1.8319539444707527,-2.475359084868074,-1.7950349932565388,-2.3121709685436653,-2.9426559267307355,-0.21283206518187012,1.3893674916212178,-1.858196718395111,-1.5838306965929516,-2.9539773501729636,-1.3694693268336964,-1.5878690527068715,-3.0682927518892766,-0.36500267701209743,0.05167084371338639,-0.4479015232002702,-1.606640220741186
-2.5109254945056168,-0.7842277690299144,-0.20430277025955174,-1.8013668959131477,-2.8652876791764594,-0.6090757361299874,0.3810139704119957,-0.26779911052994376,-3.785744036017953,-2.794971337091037,-2.108922497812679,-2.9173075026207433,-1.3527401224933828,1.9742364158480294,-2.042546511742181,-2.153265050065461,-2.3805184317963386,-2.5258616405582988,-2.079563972478756,-2.6849225623993043,-0.7690072197304962,2.409989000038781,-0.973202102852283,-1.2112791561687757
-3.481238936380961,-2.1574907548942246,-1.937381159097781,-1.6671764190683662,-1.0577591739393482,1.5291836099391558,-1.3535155946629098,-2.850090783348865,-3.371878861687041,-2.338033722337086,-1.6982091464273112,-3.2451682675845985,-0.7400400527679988,0.9683342251562841,-1.5898483281641669,-1.7621383471908934,-2.50297499334204,-2.3229941363019173,-0.747506536686047,-1.9360700999785723,0.76698529351464,1.4118417038437974,-1.1023674128238832,-2.630630741933197
-0.9643767634796669,-0.94182775876574,-0.2440251348541788,-2.2864234430326587,-2.7813198103889856,-0.20448822845294037,1.2409141025907677,0.21211290377691497,-3.044086813216317,-2.38010793945719,-2.0908970612636106,-3.2473718267405216,-0.6503569398172404,1.664246992279687,-1.7254014977613454,-0.35829143182823425,-3.269574912254509,-0.8917603469614829,-3.895103121710358,-3.710468585292988,-0.25963098751179525,1.3230004690544617,-1.2922309889566652,1.4470753636678306
-1.5206979566784007,-2.080321076343289,-2.2944375634588883,-1.3229581999256,-1.1496948380054686,1.8312855899479077,-0.7191648875522282,-1.0783192895899008,-2.099979481499939,-2.319659446354021,-3.320856145370132,-3.342542423793208,-1.179419151698441,1.1875392190103276,-1.371602773221089,-0.8906646574230912,-0.35014546499927496,-1.4255989762209762,-0.349865495334707,-1.6909116966263265,-2.2323444599408684,1.1074365190002815,0.2677510534226031,0.30469070046159596
-2.288422460467259,0.3105334886004829,-2.166612101252282,-0.6771485478759791,-0.9192856365347253,-0.6139146185068565,-0.5519690538149838,0.4808533652375523,-2.718496480518195,-2.487854878610476,-1.7767852658603558,-2.111907744343102,0.05297204045406994,2.1087443166000672,-0.6880014153910965,0.4519674870763929,-0.9197240365993156,-2.0787930845692832,-3.1415653416146836,-2.5824272183452086,-0.29395429166543285,1.3878330503512306,-0.07113901577111381,-0.8333558831401937
-0.12878753180780822,-0.08265047511055514,-0.9917655178687709,-0.10649561731834434,-4.3235144854698815,-1.0175923034995076,-0.16194797272304443,-0.1269549003789395,-1.629631238236106,-2.6360216088852573,-2.6296446411761902,-1.5755811492264817,-1.846435363668021,1.743063413732308,-2.198622616694103,-1.3702960720624013,-1.7429102024262555,-0.8659176776350485,-1.384614058637183,-3.6641297318325905,-1.6380802111195691,0.28135352429184723,-1.505224240388529,-1.2453008039431168
-3.103168392767197,-1.6397996951883695,-0.5526362248985106,-0.8679154271846495,-1.820735736616567,1.114615241331049,-2.153515598862228,-1.144932976287125,-1.3252338062932478,-0.8095521787347107,-2.012769307629495,-2.3937567700770694,-2.0152760101549148,0.5183074868956897,-0.9128695845463152,-1.0924846554921956,-2.5464175334664803,-0.468224975048133,-1.0864614307314695,-2.550573761634197,-0.5826450372984741,1.1342488692937809,-1.1642458270397547,-0.07740771673712475
0.20237359864472396,0.08870168855609441,1.1244548782380057,1.8013949726962812,-2.7716334483098697,-1.527227495951749,-0.44726645281710564,0.24802677119782135,-1.502747162118245,-2.565639901851611,-3.6058253223399803,-2.1725827201305035,-0.8241240721372438,0.7151810105685866,-0.43353696846646733,-3.022899342848317,-2.1839125992677104,-3.285448343492111,-0.7777789538916496,-1.9233274722724025,0.1244462965827129,1.9039523038034851,-1.4356633643333314,-2.3316208968174954
-3.8642938108357248,-1.0679849406277506,-1.8344139056771398,-2.0352007505396608,-2.9677686916362136,0.7472135269065648,0.3053412909348404,0.9669591432657987,-2.709005644157819,-1.3286911666867038,-2.346401034677378,-1.370579094301353,-1.52269917927905,0.4966499116947051,-1.8782284030812533,0.4237558081927773,-3.6139493501291495,-1.9006235242315634,-2.5148370399537447,-1.911885125100181,-1.1475209436817924,0.9661533589668099,-1.8479832288114246,0.4786669301254033
-2.5555576564026876,-1.5019778260316634,-0.9651427563667068,0.12372651283320459,-1.47601798481185,1.1388775382110565,-0.17323738629944152,-0.7906898973263458,-3.2277468805718654,-1.0067012428714757,-2.0314479423751144,-3.283447082135077,-1.0527541448017617,0.7439812495471989,-3.159633427160172,0.07802758843649192,-2.5397991536759608,-1.5370095693761496,-2.7257919348380595,-3.5162420152859175,-2.0679322013581345,0.712425266717648,-0.975835639718649,0.39243812950044793
-1.0988053278425742,-0.33237872321261325,-0.9009348535061421,-1.3827934968793303,-3.809497452918011,-0.5469250351854127,0.11992404765302259,-0.3666329802679868,-3.0995571106031026,-2.4223650028575245,-3.508219667956485,-4.136642732495507,-0.25797620556023027,1.16392856401236,-0.5626229410734029,-1.260319975737681,-2.2549164385692237,-3.210556739492254,-3.475879714084135,-2.2592410656647606,0.0017215523882059003,2.1040917734056226,-1.295162945745932,-2.186844473253495
-1.8435430397471522,-0.0034868604959719606,-1.6138801738766455,-0.5235604882721435,-1.8746389339340381,-0.189195533165133,-0.9619843041873247,-0.4330614432862769,-2.107078002487691,-2.13986903902453,-1.7988188861392405,-1.840067723673158,-0.876230261758627,1.3800655029164923,-3.3088839819239264,-3.0510493692558716,-3.098936250395366,-2.148840924091901,-1.2289388752894315,-1.2917251018924876,0.7047909686235752,0.7446566606314623,-3.120620562977652,-2.1724268383397543
-2.4568548793736533,-0.26349902437888045,-0.32481727985347403,0.22255848872183448,-0.7512861665796087,0.7128752700801542,-1.3126603675278432,-1.171999884757679,-3.4811268338205386,-2.2520724515708297,-0.3694359861567971,-1.5377685705424649,1.5568774797205331,1.9150395125666964,-1.0207426549954588,-0.8126156086286219,-1.9930781383372536,-1.7401399903140236,-2.5837783636889733,-2.4684772460647535,-0.4000531690176643,0.439301062719179,0.1503628641400247,0.3644065882803934
-2.15434870621327,-1.6980017540994932,-1.096794139404199,-2.087069520350788,-2.1848354862927137,-0.255037326560164,-2.637016802177937,-0.8540443516170896,-2.820957405679023,-2.2316025198915392,-0.3512676153126037,-0.9627414957639577,-2.839712243183958,-0.2394346523478795,-2.5340250917941676,-2.357268458368296,-2.802428943714937,-1.5232620800010788,-1.413156240336293,-0.8791512945231592,-1.3300974643202845,0.5239457057937074,-1.2848665449956396,-0.9930429776457322
-1.308273128473101,-0.018341487920828195,-0.04385137814457184,0.5044912794480166,-2.4017248044454393,-2.810040609292212,-0.525892807178557,0.5542853242860886,-3.024492627078335,-2.0037450042588656,-2.8990117525033914,-2.326390578209474,-1.4088898022141818,0.5576863315107203,-1.792313702725616,-0.43711969109324417,-1.8015193263884293,-1.5999983603728627,-0.19709547932156476,-1.175625495528195,-1.7204898264412565,0.28292434797013827,0.37113201990710026,-0.3062476084784555
-2.8143801724292783,-2.9981230723029593,-0.9629336813380106,-1.218335063227475,-1.7285220913709465,-0.11360384590534256,-2.6723697174265424,-1.1732801001285538,-1.506554389455645,-2.3134231953131197,-1.1836552259919428,-2.224542088643775,-1.5256969159880234,1.6486702992673843,-1.7509466908579874,-1.92262340613609,-2.2074555304464485,-0.7350160232781844,-1.1686138104295127,-2.33079456952173,-1.6905271155617574,0.5925574851969252,-1.7814804096409507,-0.9494941074465186
-1.0571043810181164,0.28063364069379176,-1.7331653862655385,-0.738696042333014,-1.287909358846534,-0.7676465860347323,-0.11947170977139135,-0.8157723593764831,-2.0521212609065045,-1.8825417722832034,-3.333879774389694,-3.6568978572833886,-0.7650417642895098,1.6276709637823228,-0.08978400658284495,0.07953289319194938,-2.687197469378202,-1.872405490569789,-2.442961976021081,-2.1102147989079394,-0.05390977318573614,2.447842203674797,-1.2002679595169734,-0.6459962502412114
-2.7771706757055137,-1.153376900173368,-2.822878805784501,-1.667777389631842,-1.8658075058124621,0.13150223265167185,-0.6775821594622479,-0.42985261250876233,-3.9785394279567403,-2.402977595943606,-3.3669494697734548,-3.4024280069533828,0.5195410691056159,1.2891274742766707,-2.07562485528608,-1.0737436163019647,-2.657776946793964,-1.7038793269547174,-2.864130630412825,-2.10670487620233,-0.41972320033656596,1.1148249155976369,-2.3287482051579835,-0.4356012606800387
-3.0774274754153725,-0.6369483265631296,-1.3940164496734138,-2.41296050468142,-1.6173903772062839,-0.1256874428173157,-1.4576820983609677,-1.2915269642689975,-3.044628202957854,-3.802128826854498,-1.523968118651936,-1.3551949245386303,1.1933767641262552,4.1852518178684255,-2.50688440319094,-1.7064972525895512,-2.217383409503733,-1.0494861479647632,-2.5012715333603346,-3.6689693755675803,1.171114671235716,2.1603504527952184,0.014956573251467502,-0.5472367674170718
-0.5201525216894347,1.3148142178801723,-0.9409066239009674,1.173522729756182,-3.3363160479386686,-1.6011291271498094,-0.04053206743595032,1.9852630594876846,-3.247482523055368,-1.8883679969299743,0.5329857111623496,-0.35727804068875574,-0.15461330345454094,1.5017351572018451,-2.0972585309014824,-1.83731710219416,-2.724575155897922,-2.237144046818244,-0.7949015894407068,-2.1340397464540755,-0.3340298089033544,1.7839714576469465,-0.5322473659036081,-2.0568466733737676
-1.206303271106037,-1.2184705861097043,-1.1571056072896075,-1.8844426949039208,-1.2314538889028637,1.886426008985724,0.8617174593027658,-0.5785432985193553,-1.59277854233743,-2.2115640260403637,-1.3384544269295948,-2.526321352129689,-0.9773735786707203,0.7322951061970887,-1.355477638513457,-0.5638977261796525,-1.5365820700370003,-0.4240644547020177,-1.9697364206017896,-2.1855610832494876,0.24161718971190768,-0.5862885424219927,-1.1039824980920177,0.4119898963516507
-3.880262661577731,-2.308199054245895,-0.7757635093277916,-1.1427935707005648,-1.4802428425309404,0.493552677572101,-0.15824374923823842,-0.519483041841681,-3.1427784871682194,-3.189706038520843,-0.7274526542507551,-1.7845098899027108,-0.9511223375604616,1.4951750021867618,-0.31224906513481715,-1.10125633688403,-1.9277037910992547,-1.7497659538513435,-2.497948875269739,-2.7671579840399243,-1.5630004821835057,0.26458619686017537,-1.9943327333605272,-0.5288965701451146
-3.2612389744449675,-1.8902780814323008,-1.517107828225416,-3.191471036084724,-0.5968841159198089,1.3828501108712825,-0.568035412918115,-0.6820742840221792,-2.2949143240027863,-2.2794617948001816,-0.38273938185257494,-1.7588374787184182,0.7130914197459998,1.7159081500777902,-0.05398162134818762,-0.7084352310915372,-3.144961490690934,-2.323173513919171,-2.8374695203467364,-2.5206957559341885,-0.804314714227077,0.7821224347347873,-1.7893026142803106,-0.42098465148417846
-1.7264147596547497,-2.0411546328654393,-1.5126659389172088,-1.7476116559281176,-2.3393632597349217,1.4563310207022926,0.14134346778750867,-0.38861175638268214,-3.470953362940781,-2.7989426699362436,-1.6767793149082078,-2.102904365022088,-0.8386064451367669,2.4441876083429714,-2.7427568535851803,-2.57256326241085,-2.7498477851773133,-1.6889587730523952,-0.776252693015124,-0.9174323630624769,-0.3925139056758925,0.01356600472438233,-0.542537073039568,0.9712223785102719
-1.4510699065009096,-1.4893374777373123,-2.435396863588476,-2.72638967123989,-1.246020854367612,-0.4391771987835608,-0.8232969617764789,-0.9732912127472402,-1.808080954406337,-2.9925899240225107,-1.3957836221050626,-3.085653267362509,-0.4992258500856829,2.2511946574641537,-1.2317634715569767,-2.48036218756636,0.9089610843950945,-1.1018616103852727,-1.4785948790396761,-3.087841738557295,-0.40624757037814013,1.0058601743916369,2.201663607773154,0.4503829522783505
-2.7095282057131342,-2.3649257106338877,-0.44720306833486945,-0.21241315593881793,-1.492014089284175,0.26252600352378785,0.4467096151422363,-0.3868157410106815,-2.7657321913282775,-2.6212826765966963,-0.3807458456179747,-1.4105247897186133,-2.476907135976747,0.9662461983985965,-1.9079400599271736,-2.5959110395354634,-2.0234282879682155,-1.5929196243008057,-2.089984692711752,-1.793362815398796,-0.8175295565376619,1.0197691697112747,-1.971814113260973,-1.972148032444259
-4.338806942704895,-1.8785202271557166,-1.1291436203554899,-1.775983564454158,-0.7387955510476591,1.000545432567134,-1.2636742758896558,0.06711262475002334,-3.3208193653225226,-3.151707319823906,-1.7109956920842329,-3.452057782355584,-1.3015782454008789,0.6814531294605083,-0.08404112159508886,0.2732140771903131,-2.5912702565091297,-3.4152324079728955,-2.126586296587691,-2.33542135275573,-0.5278581877761795,1.034543718960459,-1.1430548733733108,-0.33087276256114323
-1.7880147852582544,-2.481971133061323,-1.4863296481041304,-1.6672590850458338,-1.3983240621842619,0.38705180220933283,1.0526396654362886,-0.7854846369409185,-1.341367930522972,-1.886502274701557,-1.3171637190603285,-2.069682895300842,-1.647760726064995,-0.1577354085290692,-2.3961866752454957,-1.1032125440000382,-0.33610789552776243,-1.2449970198990519,-1.5986797762918068,-2.50067463354663,0.07694652812358072,-0.2770300439202131,-1.4776296599851597,-0.8947416444194466
0.033956486765285655,0.36041251299992594,1.5314558343284939,1.0940355159415873,-1.9393860812864239,-1.0257339302898885,0.07362267657459773,0.0750468527698624,-2.071817764051831,-1.564670966994191,-2.0677515895746272,-2.1688681327049872,-0.5486970314322813,1.1381906688536694,-1.2705272284139135,1.7615830539182746,-2.982717165000229,-2.8591298485695074,-0.9210191359275004,-2.9466672779659024,1.5240571116710604,1.9383698916586798,-2.0124400832603215,-0.034971053466294665
-3.786442450767455,-0.42106501967708126,-1.4587553097197865,-1.020380268628752,-2.3858540873074032,-1.496478365840726,-0.13901150333009601,0.3050084575868289,-3.9879929094806648,-1.1377010317377478,-1.7590274660083207,-1.0534046031876017,0.09972165862019647,0.05747999307836956,-2.0392902537287116,-1.6726669264417597,-3.066607987061195,-1.7980340837406077,-1.062797679291999,-1.8947958861551126,-0.20306276438934695,0.9624139025829129,-2.3680328158994586,0.13322541274667693
-1.5626151452475987,-1.2885326252210605,-0.8112349151416687,-1.2859477882156012,-0.6594024332448402,1.7685029781908685,1.0234842980020118,0.2534556502092178,-1.3028986904937723,-1.2456771734935963,-2.3877184030205645,-0.9676466361486042,-2.2773563381789614,1.0622065917030712,-2.163236570553165,-1.5178712079585777,-2.0552666313090637,-2.0455862195065193,-1.2046751335945047,-1.057344991730031,0.5112550140375014,1.0494877154267523,-2.0692894478578823,-1.42805339291439
-1.5988106558410404,-0.14969577357100253,-2.6267879281588273,0.18787686693653965,-2.108644441012073,1.5685995317825467,-0.9605851888436553,-0.8017515114887522,-2.542819065108734,-2.0784650517616647,-2.9413964579576004,-1.918741151087718,-0.5580880505759627,1.442794822157734,-0.8434385053606372,-0.16536645203281972,-2.7939549492393345,-2.3094490930828515,-1.4250527552794532,-1.505932071429598,-0.7712136816545981,2.3835335840218996,-0.9962612874141562,-0.5077480602720628
-0.9735770090934509,-0.017363756937040283,-2.3614376746439363,-1.724684714746131,-3.5095306932047725,-0.5680557440732767,-1.2094424786654845,-1.206981128408049,-2.0160842506717844,-1.7670023061355447,-1.2196244755661714,-2.217566946826967,-1.659300248891661,0.230445722495393,-1.4047614846541105,-2.2024467121309366,-1.1904413794715234,-0.7403035876332487,-2.814599310213253,-3.296538907938569,-0.13502757173539626,0.5736271456304023,-0.14541843034076693,0.3484513374111666
-3.8975960075744185,-1.9093279511211703,-3.0015038322571668,-3.244746182569242,-2.396417633378418,0.8865785459154442,-0.9138699447865882,-1.002347031878508,-3.8882059944303857,-3.7658371862527513,-1.866408543372965,-3.1002208533517766,0.46590991955439237,2.8366465475116684,-2.3042410047710753,-0.9725819784731733,-2.6878276965634975,-1.5772021835872554,-3.223228463607472,-2.852534441496202,0.6182341124778387,1.0807224397785162,-2.432934995555797,-0.319676950704958
-2.2452722135310337,-1.418582199342931,-2.70915141279713,-1.6531318780360424,-1.12705270088667,0.4865070320432201,-0.6291192409825491,-0.8868721359994466,-2.9168199034222586,-2.8678859679990376,-2.947840430694742,-3.3341292252121413,-2.0126732576516617,2.3996107804995592,-1.305748993651539,-2.6006913407868533,-0.1994556987973841,-0.6486075537083728,-3.1443595713224983,-3.4036000462778975,-2.6535683339102754,-0.38034658887656725,-0.9718510332307823,-2.0603143494370175
-2.345006490778608,-0.515520725648605,-2.425472475182072,-0.5401022593249944,-1.005629189788777,-0.5149452454934519,1.415413493117106,1.3209139771031413,-2.6131470125115466,-1.2897934137776115,-2.9204272390378616,-3.7764218886375716,-1.206582638215997,0.9256798095354218,-1.3642621093332326,-2.167868944836892,-2.4846660603762643,-0.8014961701885615,-3.293965123514754,-3.6796414533565063,0.10479591311788426,1.3327870521147804,-0.7401441128688662,-0.09394508985115842
-1.5031668481200546,-0.883879932087242,-0.20793751338054836,-0.8362519140658103,-1.3866975292783101,-0.09700972320595513,-0.41980930491404733,0.11064722266191483,-0.8574692322608237,-0.5204091163087428,-2.6989884566759237,-2.5241058123728153,-1.6034047502333493,0.4148027509584274,-2.1356114756579676,-2.1955200633385905,-1.2189681514067874,-2.1850445611839335,-2.0168486342254845,-2.888414043600065,-0.15333557809331294,1.0645036859722037,0.25339419212804604,-0.8339958100867142
-2.598550906302423,-2.266099301447241,-2.3426384823239323,-3.180849936678414,-1.7749005030230591,0.8917813236389789,0.23260553637889905,0.6071839919057147,-5.0874816175672795,-4.197657932895577,-4.293288372662861,-3.4960656252300226,-0.532806607698718,2.1600910649878804,-3.1689106540903276,-3.6675715331213232,-3.0631918954546107,-2.2296408379853765,-3.819165857785428,-4.063672771792659,-0.9471565013076277,1.5032989446281122,-0.7108707984315432,-0.4032964672900479
-3.4284453336844156,-2.4288802704495196,0.3522733156738092,-1.0996047435703926,-1.8347731764616302,1.2574186010493102,-1.1451612085478475,-2.533415973112356,-3.083817056495233,-2.5052073323322053,-0.601638936464792,-2.4247542950899494,-1.8446194660669637,1.7355037060086385,-1.1213322635118919,0.3205762782958297,-2.6662130085295184,-2.023129308030767,-2.029339560734655,-3.1849304780724146,-0.008958602637812696,1.060602977612643,-1.3840242988920552,1.0260081134064063
-1.2818462337154632,-1.6359078127516586,-0.8981610165140608,-1.0291258679791453,-0.6964279849749114,-0.04140351499352554,1.6947796269522353,0.7582897208094976,-0.6521092128223432,-2.0138957176041727,-0.9389317367299714,-1.0425267668686056,-0.2857386233134517,0.6533430892263887,0.6333152892057848,-1.0211266211574754,-1.9424015042599627,-0.9669605339615708,-1.457098136622958,-2.3163171221100725,-0.21575613189346404,0.7735496360382501,-0.6178407132414676,1.4546944995187112
-2.1362739433387756,-2.5190877546407764,-2.770975878951345,-1.8522098766915602,-2.513769260463227,0.7334917821676316,-1.7869376306717975,-1.4079053964180968,-2.7889946578097664,-2.4891916186848375,-3.260618628492079,-2.8641537354083195,-1.6497988708170317,-0.6266569065593418,-2.1978682317398914,-0.3805184115553898,-2.5704517443106143,-2.4355409594884545,-2.0777128732634855,-2.5019689041116067,-0.21554403517905177,1.5835141350057618,-0.04788007614052895,-0.04367650079710264
-0.43723237105282253,0.18125988676522667,-0.31334050027313354,-0.38381441444389747,-0.268644745153295,-0.07698046465437891,0.42901404731188025,1.0986063127544397,-1.4213338085904403,-0.5621749931387655,-2.3720795016827996,-2.1246811049898424,-0.51338218323009,-0.19009704902093094,-0.29068988524323114,-0.9133563549768949,-0.9714884098361547,-0.8537302025315272,-0.8675238314610889,-2.9388161694039012,-0.4230104054430674,0.06386265606382747,-0.6280585071437865,-0.7572319435235484
-2.259320810429189,-1.5799544898059092,0.0950788818749072,0.7385570018214361,-1.80009997984421,0.6946280206509717,-0.04187461379744384,-0.742809858436297,-3.0085393517861863,-0.7649389932560892,-1.7070227740534478,-2.051920412997671,-0.6216604642648732,0.24471361305961314,-2.6655420701602206,-1.431380469358078,-2.221167279332657,0.16562230864525393,-2.9470845332480753,-2.092879298831276,-0.6060326693797636,-0.7782364280678976,-0.9025139165310603,-0.1257063652846207
-1.1815328756973011,-0.4914293332014538,-0.801772275711728,-0.26037543394753443,-2.6332103727721763,-1.3969921700184835,0.709212996544182,0.4504720295970812,-1.4537396705910488,-1.596956089252568,-1.5359399339830202,-2.9346838202583663,-1.4394672293883282,-0.2045884768991176,-1.7088905341812364,-1.8429908840357776,-1.055394433989005,-1.4654820258682952,-0.9358246065558926,-2.1377910647250786,-2.623786474108276,-0.6035295115783376,-0.5237373830168766,-1.8468090556324994
-0.1287833562578908,0.8850905933521783,0.09243448941340413,-0.3852980537784183,-3.0066948852589617,-1.9915125014361927,1.4319336373140015,1.5878668606201418,-1.0936154126485196,-1.195671171134846,-1.9875807832045145,-2.9581323856886943,-1.5285194574547725,0.1729231904158753,-0.350877191338391,-1.0196843734548955,-1.1764292630803619,-1.311570507866173,-1.671689329297241,-2.1456629494413426,-0.6823651122293873,0.42202278713631847,-0.09866742940862913,-1.094732705330455
-2.310207002477376,-2.5821023948287434,-2.58249906378285,-0.958654042217452,-1.7519074714668352,0.2649119067563028,-0.2453181560178485,0.8242159132038643,-2.341453563762354,-2.9711974407212995,-1.5084177669897199,-2.056683477496767,-0.1109277296990915,1.7764000258385895,-1.5999795671922885,-1.4977837740571083,-2.056269851231349,-2.7651487424566255,-1.8804219871690266,-2.0786121568927385,0.15569537539886905,1.6406038823508424,-2.1713924764778643,-1.4031315222423721
-1.4656853569571633,-1.120615436224658,-2.4117843471030547,-0.7850189766658624,-2.369429742246587,-0.727578377528376,1.7344398368191083,0.4871378821219058,-1.6748745545470187,-1.7562501827744503,-2.4488332553616834,-1.5380087551197374,-0.6169528689365621,1.3843672698477045,-1.7649699649234605,-1.4577499422588194,-1.3044882128949338,-1.2574351976525693,-1.754316344994801,-2.1107706130572654,-0.08294133776528483,1.3009818861473794,-0.7574577205036738,-0.2676200949406333
-4.3159276403308855,-2.3705832947602294,-2.6091491960304327,0.22631059861451563,-0.681211561824538,2.0036417751750495,-0.7723934260550019,-0.7045949906399063,-4.247030199480275,-2.676309269338261,-2.9763098671264148,-3.1697361526607803,-0.6856914535642074,1.0255612706735586,-1.9071798152211619,-0.540932817780805,-2.9703903160675815,-1.6044289747594356,-2.532322810359838,-2.4492192680557223,-0.4019953137639523,0.5758125794992253,-1.146080256992679,-0.7586285358512184
-2.241967800956681,-3.4782741015582106,-1.363622927905748,-1.353131241995576,-1.2021143851907417,1.8949048057474394,0.4017310391271477,-0.927917918586513,-2.655995950057245,-4.286941931909402,-0.8134206769649233,-4.426166893781253,1.2448947786880329,2.298729861302635,-1.9958687176471588,-1.9142591678761858,-2.4237483669535975,-2.0018756533678768,-0.5175017576383386,-3.2637606875013723,0.12648121029337586,-0.041686908188559774,-1.91243367177354,-1.0453905192541328
-1.94518462226322,-1.581651118189558,-0.7454229318024809,-0.8492696976492818,-1.5427810650126048,-1.5570773061618561,-1.556291566111638,-1.071780778938049,-2.120125158995462,-1.2420302932281244,-2.501955194561818,-3.0843410163057023,-1.7291042411556725,0.851918980573803,-1.6024069528075102,-1.540662776319925,-2.238854423169094,-1.4706662391502738,-2.8935381446663566,-2.118176010013581,-0.28180334273544366,-0.17055864292465647,-1.7850322199615627,-0.9150157588776436
-2.0115011353553065,-0.823274962413722,-1.2337368677728195,-1.1900657826006509,-2.91518819037785,0.42577816341548896,0.7489395149611602,1.1404046769409133,-3.4376546818457756,-2.8927669219703804,-1.4651715679809643,-3.0160622451307275,-1.593671557983441,0.9557593632198894,-2.6047649322220785,-1.9531678202680245,-2.894026257034456,-2.2880311030357396,-3.3094186349838703,-2.3769867506266285,-0.6337639081095164,2.506087458304138,-1.8012013986211541,-1.7694116076047317
-2.770803646911232,-2.396348517302879,-2.331141301007709,-2.2830671140952568,-4.043646806303674,-0.061576009174463785,-1.0634550157852445,-1.795342370868627,-3.8408299111524227,-3.2086513341793643,-3.6509338225556647,-4.032513989648067,-1.9654115153942162,1.7778909661246483,-2.36236371453619,-1.3448574593204259,-2.0036492888710424,-1.5177700560389762,-3.0289535031579087,-2.2597635279234085,-1.594855708452375,0.25676332232050497,-0.6193671467153412,0.0027826493864112887
-1.5442546122838587,0.07176601720303301,-1.1570272865477618,-0.2395031184724515,-2.071231946309551,-0.7339026890371992,-1.611185692908568,-1.3820859027205177,-3.4838872588930627,-2.121812846951483,-1.6857381376316478,-1.9239142470396224,-0.5101239171917655,1.0277801085216622,-1.4351513191985699,-1.1819705404112095,-2.5741646055459606,-1.3469124541172939,-0.7229854781581169,-1.4193689262715359,-0.2167763321139274,1.1448593938858889,-1.0132477881078574,-0.6316769043478795
-4.19720376263963,-1.95636258348746,-2.042250344423141,-0.9312794961971864,0.1591186325742122,0.34641435968286355,-1.2131450119156744,-0.11050881056307164,-1.8678357154897742,-3.2631474002594327,-2.1309393477981717,-2.7012192859857844,0.6813945992275494,1.8701034190090577,0.028619491470413306,-0.31130986767625823,-1.922595368510881,-1.9046825613157077,-1.8524277965109677,-3.356947733235602,0.08102109834138303,1.5953484888680518,-1.8392189522574283,-1.1194246862472133
-1.8910734610451057,-0.8950223114739199,-1.0690527099208564,0.3586622176493172,-0.5951080642115764,0.9611060037734264,0.28924006295215704,1.4753941319038146,-2.3865715384762876,-1.8990228520131773,-1.106006980603365,-2.398818860269446,-0.677803368528996,0.7394976149925104,-1.4666986212408046,-1.7461919642641628,-1.3056801517252765,-0.9265931746700407,-0.35732692089423584,-1.3813255037603716,-0.8410181288191015,1.5849102060771751,-0.7346593731935611,0.7155401398074506
-1.9792966217319041,-0.5103081527624657,-2.6438697305684737,0.00918148655425429,-3.451318948982076,-2.4910375255585167,-0.23036765850249957,0.5326827080511695,-2.939430965846553,-1.462947261108326,-2.453715108996673,-2.17416888634242,-1.4977214014281954,-0.010196719817980133,-2.6422789197734033,-0.6951518731695295,-2.5341826821970797,-1.3069731848608592,-2.0809311952985716,-3.375479592445767,-1.5784363186764947,-0.48190897050369064,-0.5128371945305451,-0.045973305589959386
-1.9115210793826878,-0.4221168920428956,-0.1966213864622946,-0.236029897799215,-1.7996898414074722,-1.0719429412930999,1.3035753124959646,1.975874416016292,-3.9777481309748857,-3.57074078671228,-2.8571286802306064,-3.3696757869461154,-0.31002983702649195,0.8872075036310244,-1.96962857638218,-1.4230442748450582,-2.10042528110504,-3.2124505364300626,-2.0460961707385694,-2.9145705214491007,0.020746906264987736,1.6493911342029965,-1.1076268171121209,-1.709766166631205
-2.6224605238390346,-0.5301336394212314,-0.9254863396628631,-1.5355614259784256,-2.3435568330164784,-0.4544504158530399,-0.4081126905596775,-0.5278714124599617,-2.7988158061203148,-1.403500195247102,-1.638362533041795,-3.1270410661570502,-1.3265876904024123,0.5209262637724424,-1.031313882504072,-0.7598611983383211,-1.7046644368019077,-1.2241744474020797,-1.8631624392395523,-2.5604363482561894,-1.230812508912419,-0.09927552802239452,-1.2108446548689156,-0.6737238171248291
-1.7800016081085226,-0.11117649658409817,-2.9611321778418414,-2.2170389851425285,0.440674573958377,0.5855431903245748,1.0995371675524432,0.39565060496169613,-1.7549526924210936,-0.4079984788486851,-3.314634975060534,-2.4719449708991625,-0.04188050260073695,0.5427601091887155,-0.12452402946945978,0.472618964969499,-2.160318329436825,-1.940817745158866,-0.8524249856734217,-0.5259729019219637,0.24728640525810397,1.0650203160298086,-1.3934866290656147,-1.1507727564333785
-1.2135657354416893,-0.8503525551257916,-0.9523462064709611,-1.1923277370536156,-3.8751509452870367,-0.9935351060093514,-1.8146553040881905,-0.5269550223265952,-2.8880184626603937,-1.582116291463969,-2.561354670915017,-1.675053601709814,-2.894777582862503,1.0030164758582525,-4.0810059019172655,-2.432025998310372,-3.184956573404118,-1.6706331653462898,-1.7331042990303904,-1.7787497026720573,-0.38268087404308815,0.610613336125485,-2.3174852600981217,-1.7097163981288221
-3.521147387624605,-0.5559254262652884,-3.7195351299617334,-3.2592723774783403,-1.0223708999212715,-0.07750187408555631,-0.8458888736073812,0.012802756392408323,-2.835789216953248,-0.301979731212796,-1.332698886450662,-1.6907428714480968,-1.1992571171398918,0.7339965034321542,-0.8457801459699832,-0.020430189335667148,-1.5007635447366003,-0.4683265480299933,-2.1863712030364995,-3.116044679442113,-1.773666997725517,0.6569304342343346,0.7444924232657809,1.3103722286212922
-2.8094524795218305,-2.434440642370373,-3.5002873201320095,-3.3460034156118095,-1.2204754177051311,1.8917784848384933,-0.7691202401613063,-1.6327687773216097,-2.242335624116069,-1.6507956781136182,-3.48200476865488,-3.309550247943443,-0.487436626316141,0.26628857643360776,-1.0680832571130032,0.03420074840294575,-2.5675500913326843,-0.9787670643063975,-1.1370666678200314,-1.2418054534091703,-1.0073193481000495,0.43807530575257375,0.6199320229989826,0.6842894672252695
-3.540839739341998,-1.2188655705071654,-0.3894112801335653,0.10764605043768143,-2.1530425656274663,-0.11866116778039688,-0.4862719477649998,-0.03384422383914023,-1.522577894365082,-3.2983575538990806,-0.019006898340116797,-0.9202677451037202,-0.5008678035238768,2.746509974489439,-2.1726956104494053,-2.8699851457193626,-1.440671398875542,-2.7347713553646185,-1.4926253385294452,-2.089686868360875,0.47553024085693407,2.2686620361534993,-2.8480864161698043,-1.8943897180942166
0.699832391126977,-0.815974326623383,-0.46657597981446164,-0.565147461742799,-3.680742027550595,-0.593205109600524,1.333269331378318,-0.4163662666479597,-1.622207111869385,-2.2984730659100476,-0.9195386180298378,-1.6438555438740574,-1.579655464972345,1.7315719767614024,-0.661198517928303,-1.2576290077434045,-0.5601552305776616,-0.286548814626466,-1.3600925484165147,-2.5647498475365897,-0.20315390607882963,0.028480952702442067,-0.7155291018865494,-0.2495502602080349
-1.503883790769663,-0.27590946300470004,0.5340186629705278,0.14272052266822424,-2.285699402413494,-0.31469438836526625,-0.9310048218076534,0.7856873733346459,-4.288693232023609,-2.5121057709831485,-1.1129820829417822,-1.7569959847292296,-1.0639681787919912,1.379218588996216,-2.617489896653678,-2.51524343120503,-2.9799467868778162,-1.8210582037897638,-1.462720406389901,-1.7366132166643353,-0.2484320259434492,0.6793181061167191,-1.1889808515714961,-0.6426654772676773
-1.992806406580365,-1.2315806788179553,-0.9401044065293707,0.36225950744905966,-3.6290826319908343,0.2159042921244987,-0.38320342513585254,0.2590339554411133,-2.7746548884866575,-3.037658648391902,-1.5388127561415292,-2.194063730680602,-0.14505300387589912,2.438242872893797,-2.6114341867864974,-3.1689001146407505,-4.347789718880755,-1.9132212298122078,-1.7286053332841136,-2.502673976411422,0.14231672312661248,1.1596268482011929,-2.32013895570865,-0.4910252897146672
-3.609680122226212,-0.7587824253602452,-2.480000484446094,-1.7419325238748864,-2.10519229825048,-0.22244236085511204,-1.3324792538877923,1.1512112497528642,-2.8403497795154142,-1.5144275689417752,-2.7461115404862255,-2.3482435588401356,-1.0903443071513226,0.29883669037077115,-1.708468532397878,-0.6476409057295395,-2.628661651097107,-0.13495733265898624,-2.90531127127974,-2.2811244232768293,-1.2916962602249402,0.5171097068054731,-1.7698962944847392,1.3040767332651302
-0.7978218529646744,-0.9640991702031252,-1.0444290533660798,-0.7108920040776767,-2.918506290763118,-0.5524170077917812,-1.1409913011873745,-1.1217917361157352,-3.1028050925894513,-1.6120375129027056,-2.3919399798004863,-3.2754401209327058,-0.6822065313073588,0.06937319084328272,-3.2027137124206604,-1.502483850181552,-1.9293986190981198,-1.1135616239770911,-1.2809673567878588,-1.6454482267267039,-1.4252253300026512,0.5308952545142069,-2.6514142581543623,-0.43563600236991956
-2.6782308514038546,0.28887239705297346,-2.574952417123132,-1.5617329618965827,-2.361173112829344,-2.265937856724147,1.983713530480898,1.5870147225697775,-3.6911277765646213,-3.8985482591196745,-1.470190534880079,-2.9743889158218435,0.565757032999856,1.9068740808918871,-2.2416889618957447,-1.6893042087007353,-2.5996170275743378,-3.219329815088267,-1.4528859763113835,-4.146722783633985,-0.20179051880188553,1.4736391818643546,-2.814880387184959,-2.672659110885036
-1.4822485903792988,-0.5805742583059069,-1.431726565914561,-1.0371645439216246,-2.1688828376023634,-0.12458895718275576,1.2362022094922451,2.2528792267839384,-1.806436719203258,-1.5431976591616685,-2.978773689423012,-3.7693994083767395,-1.1661536596669733,-0.08450963247137175,-0.5467411140795371,-0.8168525221484619,-2.18173193571848,-2.095719955821598,-4.309975351224937,-3.4235974297553784,0.3517628319964449,1.141744901589518,-0.28883191054098645,-0.3493941177017266
-0.5289099880988547,-2.0976703725010992,-0.4538858328013485,-0.639508932339234,-2.1324288148271817,1.2321787818054104,0.5581350729827645,-0.8901640877287903,-1.4522165370008062,-3.3540007211895655,-2.9340038449916603,-2.9899038382292455,-1.9014982530145894,1.8179368525993718,-1.319807411258397,-1.5580751657928873,-2.2413234312418093,-1.4374683404109228,-0.380339739024916,-0.885636249945241,-0.7978914398402274,0.9953064267873636,-1.162011983435775,0.3285329060526631
-3.7625036273677757,-1.9258910841884664,-2.1099823728456513,-1.3880418586852104,-2.2340189353879114,1.31653000309136,-1.4329331164248826,-1.094313547624138,-2.7602903814454294,-1.635837005511158,-3.0561698105131097,-2.2243751085544052,-1.5531402911425372,0.8048884790758634,-1.582800664195074,0.006664159950790552,-3.469801417217428,-2.96376715400938,-1.3110290435489431,-1.973072420271773,0.5442689178749298,2.1646664844525407,-1.7631971275221772,-1.4427155830598015
-2.406255085779652,-1.7415569902661177,-1.9750482160299887,-0.2760074867355661,-0.48299938092642614,1.134640648698926,-1.002664417264327,0.7852492590423734,-1.6301000978640523,-3.7159159654005256,-2.6351326373054946,-4.206179417604507,-1.5035811108353407,1.3968971283995955,-3.181177902835614,-3.4510208973201144,-1.8507388240776226,-2.37488029176062,-2.7762551627193477,-4.112856118651009,-0.8525783430005837,0.3613340443634549,-3.5471546383720565,-2.7986408026323564
-2.6669127628468283,-2.754780164219514,-1.9911686644818292,-1.5794936939872637,-2.3690392434750684,0.39294591768886794,-0.6069429601165911,-1.4212081293202918,-3.26780690595939,-4.554546343973269,-3.213445709022404,-2.541277439197419,-0.03726336619451845,3.2023341301076935,-3.0794405872875825,-2.799038862919045,-3.02756301299501,-3.311236299273803,-1.8295827433103715,-2.3068773335309936,-0.3158413503142618,1.317226788448955,-1.696791649086168,-1.4934576344291737
-1.9783225202056451,0.8392525864508239,-0.8964047019571931,-1.4702389095547719,-3.8853836540156323,-2.228990231817436,0.8214318722960702,1.5956943781897897,-2.0393032903133883,-1.3703379051621039,-4.052537154811358,-2.011366835105531,-1.599420121948021,0.47702937484253033,-2.074698239268676,-1.172102442569501,-2.670984347506959,-0.8967426988910112,-1.3822523106852025,-1.7157906726104257,-0.14235214950928682,1.1686400688916199,-1.3719377236946775,1.0764759753954527
-2.612192444625592,-0.8899219299560608,-1.7715033158436642,-2.1249210715370803,-1.0799831761448477,-0.11175623452886456,0.6730464458043027,-0.09556960390721576,-1.644571063727121,-0.4895941801999379,-2.463080353772286,-3.2903823583891563,-1.925272368023306,-0.10772759724276483,-1.267013055058703,1.252925177844398,-2.558149308003821,-0.7178736318942759,-0.4538862981199226,-1.3943930712412889,-0.32803822831613144,-0.07442511000304924,-0.7580204884108033,0.6752977266196238
-2.525937167815513,-1.84093755300227,-1.0105044618361754,0.030887273832541893,-0.5776884541468384,0.5340600729266901,-0.015347270425872556,0.07147870739879611,-3.0774054242608493,-2.101276588621298,-1.5594504084907062,-3.416375012212232,-1.340160461564669,1.2215776904852722,-0.6415242856544446,-1.238202604899737,-0.9237450868431207,-1.6844583460852214,-1.2828481082239076,-2.2562742934791786,-2.5844607581905708,0.7905049174125551,-0.16616883477792987,-1.9381576322056724
-3.062860595999194,-1.9178876014501614,-2.669230803233932,-1.428088622035315,-1.5297863079223797,0.7154782435970687,-2.172832340029422,-0.3665356917977364,-4.127681184118769,-3.3148428389680724,-3.79992267309369,-3.04065222735443,-0.38827482408840347,1.432219088816783,-3.761934288000541,-1.280058447249987,-3.788002152181329,-2.408249051964706,-3.720941200914914,-3.6598855557098395,0.2818161912609835,1.8989234073110735,-1.9942188604172766,0.32538939144122403
-1.5593852683774392,0.917613499493112,-1.8519313569429925,-1.8503265362279655,-2.6216009529971664,-1.005340643154913,1.401972176212103,0.8560476713410936,-0.9487469568149466,-0.7025011906039953,-2.784506513861138,-2.313548231339963,-1.2202364364707101,0.09261256752365521,-0.4107027351012333,0.4291201959324786,-2.728922511658327,-1.5535274739779037,-0.8326314585515521,-2.096789944163141,-1.085710376103891,-0.17687326072654752,-1.1298214877221398,0.09306167062178589
-1.005070426392359,1.4230175136147383,-1.6183185365041142,-0.4131029306270507,-2.794683731906796,-2.0625588014574734,0.23102274081291377,0.6760736494630744,-2.2421075288399095,-1.0202692285296684,-2.319121613235019,-2.526340018873329,-2.203978285093494,-0.12869674115914176,-0.021664177481384803,-1.0681334725003597,-1.1082842677941518,-1.652445125948884,-1.1385166243237912,-2.6867226860263393,-0.982394865422955,0.5952143096422128,1.6835668117727618,-0.6370966546112771
-1.9511012051948777,-1.3884667063076395,-1.3356813065986883,-1.7230671278221334,-1.7065022082614154,-0.1278085902512086,-0.969342528018342,0.8950943904500912,-3.5931583766190944,-2.6575150592992247,-1.554753835369695,-2.023861325186196,-0.8287385179245511,3.0903428568710924,-2.8151197645785,-2.993401317177621,-4.011895475509928,-2.8829882257346733,-1.2526140866014228,-1.3386598689361409,0.5012029210696166,2.2183263541347875,-1.536058051666862,-0.8415131398404372
-3.779639105389363,-1.2991053702097863,-3.314924011931667,-1.4334064859116868,-1.4825060374646828,-0.07943571317607327,-0.23429565626311982,0.06933424218920672,-2.225466386012238,-2.352771004105123,-1.7827008141934866,-2.4411564897063034,0.42547717490146325,2.2542037352481974,-0.5000708457572399,-1.3503215208724217,-2.1411347927511364,-1.6977348254339155,-1.9899121311792474,-2.408294558650039,-0.780712623825395,0.5564760458624309,0.48615568543876536,-0.21930671676707586
-2.4868816655551664,-2.4038526324448095,-1.517272183683492,-1.7709932544161113,-1.4271268690845573,0.27835651050414706,-0.6484905433054655,-0.5287417033949391,-3.6339606045148187,-3.8367256415127033,-3.4721574397642785,-4.561387501001167,-2.761071599283794,1.2443590722748787,-1.726086662131132,-2.699885002188957,-2.139464764988412,-3.3029328346731988,-3.632223902665097,-3.2102963018465323,-2.3764176055195856,1.9109523049390638,-1.6971988588544045,-0.4061675736840847
-1.5998264715317476,-0.06755135280205718,-1.5859750263877002,-0.4766796962941401,-0.46676108272253086,1.1256139855588663,-0.34529408123596383,-0.4138311241644976,-1.9270984807244675,-2.3671071371868324,-2.207014283300151,-2.7396805846704875,-0.6961155902682307,0.8919249257522759,-2.796803161622762,-2.3567113579365055,-1.0844758878027287,-1.753639346118545,-2.4761432018171687,-2.8914705679142254,0.5965921949047797,1.013650626177779,-0.507729966190195,-0.1413015211553989
-1.2317586867324133,0.21734975432474604,-1.030879511548152,-1.0054364014028052,-1.4780367637164302,-1.3349752296799402,-0.2696263419580776,1.5905533770807725,-3.0581938895990626,-2.0474432433467427,-1.7610397084572031,-2.9766417640139915,-0.3036661595179639,1.7255732590788952,-2.18549560139491,-0.7012237814210045,-3.352977800643493,-2.1838884238185345,-1.3233906237953807,-3.4278334628999945,0.6382719124929151,1.9003387942394427,-0.7679936749464776,-0.25140327041298705
-1.5570150979652302,-0.5702488927934825,-0.8799772023808289,-0.6588799894462,-1.3834007565539963,0.11857013826165534,-0.24773776346317117,-1.837824951505795,-2.611796995535585,-2.0480925263377467,-1.1226594584058318,-1.9490048388750034,-0.5041577881038783,1.0860903173828893,-1.6759497210874397,-1.4822654198409777,-1.127829371408185,-0.9492863914853045,-0.8252280500799495,-2.793818070575624,0.3380510569515929,0.91134177352574,0.4016215571973221,-0.06911717694959273
-2.411731931862166,-1.0516554256938166,-1.446429305688053,0.5449886482671913,-1.873075466508548,0.025788191822480485,1.4523058339059294,1.229227773445302,-3.592094881212821,-4.233211014502872,-0.6348270908698119,-1.164005283208847,-0.860172799516101,2.6969171699105376,-2.0117507526149145,-1.7563147014050766,-3.247036177442503,-3.50871963778085,-2.1548068158003284,-3.1229957479216415,0.40500102127126614,2.3045397179302807,-1.3649331601870893,-0.8088067984944569
-2.065573913512388,-1.8153344660847566,-0.27996644499004397,-1.3070281500343994,-1.6052414222228641,-0.4283688838346157,-2.071751758517934,-1.5394641521228725,-1.5856441940106998,-2.253943534258361,-3.2969156147482277,-2.4374705087568613,-2.1068218489164945,0.40299612618202524,-1.9189266904903655,-1.625269438099249,-2.4670923384115873,-2.1605277053405803,-2.879324362893011,-2.424434122008312,-0.9340691275620591,0.020834469151118522,-1.6571635229829331,-0.5373877561274449
-2.9014977680663607,-0.8911198662318747,-2.8465416307531055,-1.405678890802732,-1.700032879677411,0.3959862455138083,-1.6206290248408552,-1.0375394362789832,-2.941274165383773,-1.0382289671080045,-3.2971209456831354,-2.7249810600182838,-0.16401801689523154,1.7554740383853382,-2.1142171886798007,-1.951809020206589,-3.172003830885118,-1.6052800820282704,-1.037901786072446,-3.3537004867432065,-0.900653660677048,0.4565683729510234,-2.4744686716431614,-2.5395470997916187
-1.5434237593240432,-1.1910439208769,-1.9001629361157482,-0.3755366254933806,-2.4159201638387326,-0.2904371731312324,0.0782179305350001,-0.33045202170856963,-2.7160251148149706,-2.534743832090314,-2.1283993024476984,-0.9315489396007551,0.9616107705928818,2.613977029350953,-1.5561501324829232,-0.4371297261047824,-2.2806396479059052,-1.7084662847027698,-1.9065766294699749,-1.9263648339193629,-0.13851736774845078,0.9081616983272944,-0.5363893699790802,0.267661252286055
-1.5479991224517387,-1.1633430579643902,-2.101912840646333,-2.6727818301690816,-1.491574981863718,1.3570697388627089,-2.2597349601465786,-1.9608997202384066,-3.025083085725515,-1.926981459785572,-2.579130485795185,-1.8362638216408425,0.7880793518595695,2.1357380962218726,-1.7792102725330528,0.575264544347084,-1.2381633583484808,-0.8241985967435723,-1.4827422990322852,-2.2313261948935676,-0.21770005267897558,0.4164031133528407,-1.356580353477774,1.2530212457335255
-2.727911296135411,-3.233002500668847,-3.3236348013772425,-2.1746942116620174,-1.258289374176444,1.3069342394959684,-0.16870365357040712,-1.065675746683776,-1.8217898784356175,-1.9657336977465154,-1.4406399342587484,-2.759934741982856,-0.9623324415678343,0.7311605296356325,-0.8205038941900687,-1.7285596024624559,-1.4782871438255338,-0.33944003785942695,-2.0659609747770173,-2.9219988029824844,-1.4157803685449537,0.7201437363857812,-1.0552377139664524,0.9262115528071523
-2.4655261704502305,-0.5754653619300376,-0.5630996364771454,-0.2794228904146786,-1.5989445474926778,-0.2885276203909868,-0.11771679338582362,-0.8241005341992165,-1.1360774184087998,-0.792200183287282,-2.5505645534630323,-1.9948876676759708,-1.0934189669537575,0.7009178478165231,-1.4009635588829779,-1.954812185767182,-1.6356210724227014,-0.3045269304753896,-1.530161179147595,-2.226132200840446,-1.6963627703755013,-0.4079074290342759,-1.0045381452639945,-0.3166183383354953
-0.9349243679409629,-0.6219458814221177,-1.7842830531713227,-0.9362331711274399,-1.666783508087157,1.0254868667489292,-1.2480135144671918,0.7569933009792544,-2.8161588154838606,-2.5734365565074806,-2.0224656840520914,-1.9664411368501107,-1.7717467608621487,0.6099393965807614,-0.7305185114512122,-1.884818665237733,-3.288150446235373,-1.8296482630829851,-0.9712001435164912,-1.214115305185705,-0.9226911171319554,0.3321657491866931,-1.8206360796179124,-1.131522401648635
-2.193218518294222,-1.0750889051544268,0.3161007790250112,0.6616889873266283,-2.7687859272992714,-0.6539515806042417,1.080301509109506,0.8310263484741234,-4.010041662638762,-3.627279086643583,-0.15903587217273493,-1.006745859640732,0.6024258682100216,3.4599462395805882,-2.250237097639715,-2.9702925522396653,-3.020906564270529,-2.522106827312215,-1.3711895872500481,-1.1908073332977998,0.38938078043379354,1.5080933534835312,-1.9041389401784843,-1.4785432859701546
-2.3260546222231726,-0.7110918309064733,-2.501091629037436,-0.0506452575217995,-1.7685828739683283,-1.1353442056337475,-0.1383209007302904,0.7684354264582727,-2.5715686272939937,-1.7246480298664428,-3.373442763525906,-2.495213460440877,-3.11541011322504,0.872607625104554,-0.7020100159113515,-1.0151354456984925,-2.3535548422528474,-0.5777984434581158,-2.1202955143036215,-2.4334912211438438,-1.7897842776552768,0.13219447240089574,-0.39616834613995233,-0.4991948915553068
-1.6671951736591293,1.5035868027590127,-0.8859207076463045,-1.0063118710342314,-1.0656469668997615,-2.3840568105529583,-1.5858820470373902,0.4586524500161005,-1.751062587360538,-1.8967303783243616,-1.117747359994378,-2.2858198727212886,-1.8710669073662054,0.4593543077701215,-1.3149783106179698,-2.469941539752975,-0.7576694847363934,0.06523885014001263,-3.8205566052981927,-2.8476505932951994,-1.9123580301360523,-0.297608530675515,0.2290066459443701,-0.1790459782205794
-0.5451789664437475,-0.6396087915591754,-0.25717421506228383,-0.615174511635615,-2.163122196525902,-1.2132901332749517,-1.0219469800329477,0.0019181870783154496,-1.5158793199186003,-1.9912167526169107,-1.6012513030195417,-1.9987941490565317,-2.118122281578641,1.4717142318580765,-0.5767724626652864,-2.300299420353859,-1.8220108078452655,-0.5548271611965044,-1.425845159227399,-2.0768449918412712,0.617229493677468,1.1408060242710985,0.5999726611433185,1.120109218754427
-4.052726024089458,-2.4362091181485934,-2.1755326492004965,-1.9691476810055102,-0.8281555259154015,1.1368542678977362,-0.12134314776850044,-1.1752536376290892,-2.216327020611681,-1.7617566507950169,-3.3390248435986924,-3.7018977124413524,-1.148156113578054,0.9015957008648485,0.03949693486327879,-1.897647228780934,-1.9561730048950539,-0.7450000850137173,-1.7196996758272673,-1.76622978523139,-0.8335949509031743,0.5790982532735107,-1.3765195665695518,-1.123307050908307
-2.4580840263370334,-0.70753427525117,-2.7245792453311566,-0.2552797205183802,-0.43957337008862785,-0.7743660389317448,-0.5540799649042472,0.3473628452332972,-2.991385715138585,-3.4641264484180927,-4.609856251241093,-2.185991459870373,-1.2522188701428254,1.4465756095710203,-3.2382685927591357,-2.6721953565163363,-2.743601593029485,-1.8082621156953194,-2.597518271698143,-3.3808347781393833,-0.8133662101355192,0.5244796643756002,-0.3595784330957454,0.04398182664104876
-0.9235580434399373,-1.617848412180071,-1.2797454898347314,-0.7126063468232356,-2.5518847465592476,-0.3665228036051121,0.9799218189846596,0.3155689968284606,-1.9467066366497434,-3.0150913617217077,-2.7723035930771807,-4.63244352423657,-0.7952707110775794,1.2798285658731066,-1.2933658602554308,-2.219966062003867,-2.138072625158032,-1.9270287597477327,-1.4789839742696358,-3.3988309304312327,1.8847498074962736,1.1910325630548972,-1.2252501708572165,0.831306637942213
-1.5672629685040487,-0.1217937519194109,-1.0285626130429193,-1.1541063769522026,-2.7239286912629255,-0.9769812305263658,0.01363652347782934,1.7266736127282913,-2.892838534116742,-2.454615008193428,-2.373690171216109,-2.7892145631309333,1.3453849545395662,1.9680229172637753,-1.7445860785294955,-0.9127665107328308,-0.5984102187546452,-0.9585169723674197,-2.950803311890977,-3.729072412178749,0.5445282696141436,1.696008911911151,0.7778085283733078,1.3913264263518217
-0.9198234685519906,0.6673946501525464,-0.021340744976237995,-0.39401220007010274,-2.4170784998892976,-1.6304243945792642,-1.4520706949879607,-0.012738634814229639,-3.3019387758833196,-1.920271140771105,-2.350570555120467,-2.0868539743624654,-1.9412008550435784,0.6563406691625447,-2.170886875364578,-1.633077830254449,-0.03940127036149634,-0.6536522013084757,-1.7398558662893238,-1.4441371558434954,-2.080451258595803,-0.9644214221072819,-0.9764903158208897,1.1718435081874028
-2.7054830518373447,-0.7081572570195769,-0.7823207690688267,-0.9172549310100128,-2.6230703671856257,-0.6336351417323123,-0.9390436818119167,2.3563690223924563,-2.3289370545295127,-1.8078559939925518,-3.1514538454305057,-3.0020275146734656,-2.7052668629935055,0.8387110354750191,-0.3932169342507093,-0.15627417679319083,-2.5086091628836407,-1.2942346851775797,-1.3445286086364254,-3.33115679891545,-1.6790688900091653,0.7483359151189479,-1.0193505593718464,-0.8683407329409294
-2.6846029312321416,-1.6922431223290335,-1.4910560960836998,-1.6271182310563936,-1.590953925874907,0.25723809202612824,0.3467915311367709,0.974173329100023,-3.078579987585341,-2.7311049166697776,-2.752744207668173,-2.342937656883778,-2.243280340226456,0.6398538132519702,-0.1645361022976215,-0.23640805334555434,-1.848255003180783,-1.363833363596366,-0.45872277450934357,-2.57687088963708,0.44927915995762724,-1.1512437570511254,-0.21776711028924056,0.18946715643416995
-0.8050568137060854,0.7460347730922103,-1.00214036913792,-1.4888903906230857,-3.7408685689385592,-1.2822908185911917,-0.3427100902061803,0.07110485026432459,-1.3171163966591302,-1.0660920285995277,-2.422315474149242,-3.3940391398999377,-0.12080497558409405,0.6649003723847016,-0.9518493363332244,-1.0332296399662442,-0.9733345547459288,0.6584660679138933,-2.0516674294840755,-2.706381610203384,0.6472828427500575,0.022293928979514845,-0.6142643942093692,0.46975658189543745
-1.667448735782735,-0.9184159605258352,-1.7498375856116641,-0.16826216923192536,-3.238538602874163,-2.3454357368690837,0.03409059859350334,-0.48263516242319643,-2.252183178314955,-1.9946294005318161,-0.9015681204736282,-1.276221641479585,-1.9830536871350883,0.17238068984224525,-1.9465145291137285,-1.5619809960998428,-3.067129737849739,-2.387009415113387,-1.2571547035860389,-1.4815588155880646,-1.829712370898799,1.9526993639554429,-1.3645613652559432,-0.9374471805951499
-0.9815251591314849,-0.8621261586760892,-1.7105200862292382,-0.6822685471267778,-1.935372312366067,-0.8301960601168,-0.8561846257605237,-0.18040961752560533,-4.479713362765967,-3.042383487868889,-0.025295451532515303,-0.1292269872748908,1.596182815554986,2.087294662923744,-2.9071996795497554,-1.112327921713937,0.0017533225936177414,-1.4069549771084062,-2.6756389227524022,-2.286258905633066,0.7799568270907974,0.9887821456792704,0.4999398552580093,-0.21661759254127805
-1.5563576306037548,-0.7258603163485029,-1.1816989150481167,-1.4264193635743496,-1.6267247469724282,0.13849157866769346,1.1234058632495485,0.2246008631814031,-0.6904053451849501,-1.0260665823851767,-1.185088100615541,-2.5991561213424266,-1.5829575582935413,1.8007311492171256,-0.5710717452649805,-1.2515097030309288,-0.3787106503805046,-0.5203494484365537,-0.8174680314989384,-2.591566293510568,-1.0299101263266877,1.2562419689349325,0.6243169377774882,-0.42137576334964183
-2.1950691853769624,-1.2088473789719345,-0.4650318102823732,-0.8662143603725033,-1.8028613568819536,0.14697613811784474,-0.3878450238602168,-0.5761626489315265,-1.7718845196493278,-2.64977004328476,-1.2088872641400987,-2.5164064610596237,-1.3059573998131127,1.072608484272409,-0.3860673024094798,-1.460755260512716,-1.4437825342248491,-0.07502346868302492,-0.47834270254133276,-1.6437678837021807,-0.2841024630609728,0.432241747890594,-0.7128991399004176,0.2660032502461991
-0.5727103326493833,-0.7306266988547786,-1.9205388662905916,-0.037245577766492316,-1.629423555793814,-0.21796248379136282,1.3614152515360591,0.38940059110345254,-2.7064972912109853,-2.2838590285911895,-3.40532530323579,-3.1530177935059114,1.7337742228770214,2.237190924558358,-0.9890915848839952,-0.9925920016316079,-2.9842168007175234,-2.5513384864979547,-1.9272087874816257,-1.7235915771192496,0.9337564849962006,3.4340714045868483,-1.3243579616986652,-0.15242031537104558
-4.110166959683832,-1.2630506592985598,-0.8356849188609006,0.5938220836425735,-0.6472382880255397,-0.2318595637986182,-2.540757840193805,-1.6464348974434766,-3.3932205637597117,-2.843329798669608,-1.3046820444403238,-1.2163832792503828,-0.5912474809922057,1.418631447347298,-2.0300398359822704,-2.623671365565611,-1.582610846743456,-0.5234155174437922,-0.6291087631687237,-1.9784548528820183,0.2008611894397166,-0.3512380173891473,-2.0472010846740254,-0.1953576344433757
-0.383560714869585,0.22235824716144226,-0.02589216735075522,0.6283905998757109,-3.2335706076831467,-0.8172390294431382,0.32296485007342596,-0.9390874648912281,-2.696733369697932,-2.0729476742399404,-2.8051272060707646,-2.5011065404395896,-1.1451903069428673,0.8677183197013308,-1.5828593090296665,-1.7012512417608592,-2.188536008065729,-1.233825529729432,-2.7726658932647745,-2.1747607608521484,0.046103705444591185,0.029338463989683723,-0.45658462814843176,0.4627830057017222
-2.092815320155632,-0.17240605840952697,-0.23842055478774996,-0.802140821111474,-2.6844453619460733,-0.42026990282085425,-0.4453434776060907,-1.6175312638813761,-2.961631562692027,-2.457998324718328,-3.5150054607058103,-2.229784981975227,-0.97468332510541,1.2679726441852304,-2.2464029973886666,-0.9594452580280071,-2.7820422766565653,-0.8583791622844227,-1.687953003089151,-2.5800159775841873,-1.4655642782558866,-0.8160528110217947,-2.3000981388451702,-1.923529455699313
-3.094985589332502,-0.621045718435406,-3.082466952943117,-1.8465593465192742,-1.5779038182418332,-0.5658926947223194,-0.4266232159419728,0.9054071801082093,-1.728059676292855,-0.861165390562586,-2.173227966293276,-0.4326456169941946,-2.541800646945049,0.9620101874999809,-0.6549112732150737,-2.0335460899711597,-1.7713055085062792,0.7710263647282655,-2.1062565923544603,-1.2189572369523167,-0.403278694932821,0.4898485372785166,-0.7115541842797322,0.24704772588169327
-1.124340602386639,-0.7549672358614363,-0.9526287258121848,-1.338418902851032,-3.0578947029337695,-0.13717675002226976,-0.5668310601840577,0.004773905617753393,-2.2815315099636675,-2.2333817894650587,-3.8530188844462407,-2.4410949997162317,-1.5334575454698596,0.5415615269624304,-1.2308015723426438,-1.1558184068763444,-1.6193939484808177,-1.4480937647173195,-2.4478748510577604,-1.9483682869544443,-1.7486692378993114,-0.3560696793527716,-1.7151979567109963,-1.2902701374734389
-1.1436645158387213,-0.19727533914707554,0.2544355716280223,0.13758746301775415,-2.889535213762619,-0.7624385133569463,1.1717140210127892,0.3948058804434381,-3.078834241388754,-2.3690053012099863,-1.350666733979681,-2.9385475316882013,-0.14752578018305362,0.4281889337218078,-0.9903593104666741,-2.1043447811935145,-3.1775759987169803,-2.248056614613201,-1.9117896239456458,-2.90427607235897,-0.039161969087654465,-0.8173561223135948,-2.8364080680923554,-1.4597414227079126
-1.459872226282796,-1.6924549844552068,-0.8960810476114228,-0.8880648150421706,-0.09069422245442989,0.04009989365073378,0.10926707405019663,0.08032257249498972,-3.050492839173508,-3.6885361404773227,-0.38347059312714854,-1.769009207498469,-1.4453355527872833,1.2599429822687669,-3.419190377461012,-2.7655896965173645,-2.5889304636335004,-1.8997130005386134,-1.8344386919939846,-3.065327639509813,-0.5732220561594599,1.1127230799937462,-1.800032253684029,-1.2873206324143491
-3.479604559290697,-0.5174611718664672,-0.908553345635844,-0.7886874706790453,-2.2214920255800257,-0.6510387600181703,-1.0961444633223743,1.6123314227176961,-3.441985962343201,-1.8252269498882894,-1.4076596946107445,-1.6053056142683024,-0.23857031971157655,0.8398481520275847,-1.623877078661285,-0.024816289791707816,-1.4346761487122075,-1.7905797224566253,-2.5904384529052393,-2.2986790653985985,-1.2188349235826215,-0.11911485495730045,-0.12938015793817365,0.24077481964799113
-2.4745257911007257,-1.6772930434720446,-0.5271460446842964,-1.183659966021117,-2.7883257416619305,-0.8623826412647536,-1.3339891455871318,0.8771901928385184,-2.3681328215058084,-1.6498863526041778,-1.2273855060643157,-1.5641718130253233,-2.7483806025430524,0.006896921848035569,-0.5516434418918277,-0.6375114247126401,-2.5924366344030845,-1.1335984459507253,-2.320464374113113,-2.8406394320628587,-1.7725316345967677,0.7665831208146079,-2.0885466799840926,-0.7755057646888922
-1.9937715930717386,-0.9242545179296539,-2.370121953896754,-0.831667300479088,-2.555838772937903,0.15280107917722638,0.4774660627886311,0.43063780886562175,-1.2934865753279297,-1.6044774315859636,-1.9530080968438934,-2.3160031266384187,-0.26907441529261544,0.3901366075664655,-0.17525341565221567,-0.9339660834089396,-0.47221611427559035,0.6125865825809023,-0.4112866511812266,-0.6401857035270232,-1.2355168039968918,-0.3780262315441018,0.4715150021541986,0.10387378701475516
-2.600542133280526,-1.495517843115562,-3.076810400127154,-1.556610226373676,-0.4280733032966242,0.8411501688971933,0.2443902651106912,0.01865350148497878,-2.050440166622872,-2.8140449783851422,-3.902650475614422,-2.5593670461689033,-1.4448651763507052,1.6958062865159527,-0.46029046391045286,-1.9160242984027254,-1.1016424876893163,-2.041003415925143,-1.533908595921205,-3.4507595457758486,-2.063623884354422,3.3366413841382174,1.089496512605484,-0.8753616074752644
-1.8184731342532583,-1.8243967055320105,-0.6875902624255315,-2.2326046407412514,-0.4679387161536701,1.1071945612921368,0.39122719521439164,-0.9264439871909085,-3.7841863629018464,-2.861103523535497,-1.7643573673149417,-3.5545814697070193,-1.3213381929274808,2.1724342281315723,-2.226560746001601,-2.610863388456212,-1.9298553202008126,-2.3583821533668137,-2.3793363785263106,-3.305674992339469,-0.36798843996252867,2.2341830924553765,-0.6934168306259215,-1.0099479757530174
-3.167580468743191,2.0804976271791746,-1.4842173053094254,0.26144698677267897,-1.5853807213749438,-2.7127535925360187,1.2724347008292098,1.9064561322368967,-3.0654464772662515,-0.24173445695472942,-1.8606869468679603,-0.5602282799214209,-1.8482142997135151,-0.9830742678933233,-0.8405092670271604,-0.5214894287781315,-1.0777594207441084,0.16006090521359306,-1.429828609505035,-1.5876828439087494,0.03969963069292938,0.2122493903073801,0.46402790177491937,1.4404425272898658
-3.221876461886047,-2.6610560322811394,-2.8833984171871214,-2.330886301212768,-1.3630745995760638,1.3267930711185658,-0.4948212796880503,-0.4404928850067505,-3.1448380654698567,-4.879763927474976,-3.4529694170100758,-4.184685635510476,-0.33390819406631717,3.6943100091346808,-1.3651249700062027,-1.987605491862952,-2.6978841866034626,-1.3117416327871576,-0.7649853363508419,-1.7933892757733108,-1.1490461364430467,0.39149658988826824,-2.314703632024782,-0.14866814058682923
-2.415311897152291,-0.8960900597585976,-2.1559945123337134,-0.343221165800315,-1.088484113695489,0.10882020805963284,0.2804028769765691,-0.5275459448652291,-2.126462421333652,-1.3730121494848468,-1.8539747882781255,-2.2625291792089692,-2.281466279640333,0.6581768434844124,0.38806765009429206,-1.2496672760358984,-2.385556887852887,-0.9056157069097772,-1.6543813181784401,-1.8126441618157862,-0.2781885476238002,-0.3189085933079033,0.168471588633322,-0.8537783804328126
-3.7096955789231076,-1.5495701641124144,-1.5422936358168622,-1.5876286350475164,-1.0114670907319991,-0.40181682782918693,0.8754964178409994,-0.053855712439650046,-2.442141741906132,-3.6007432432010877,-0.5333426215650139,-1.5993861342797666,0.22458744009443657,1.715527597791837,-0.4506823844072816,-2.484623778064425,-3.0325974678984156,-3.583982946533686,-1.245464646447638,-1.000235485800643,-1.4672655770787493,1.523609540788846,-0.7126928055301327,-0.9980674772215731
-1.7015765159336778,-0.6937581238275738,-3.0282628855051863,-0.5152627216474506,-1.037842609400825,-1.6054236653731737,1.0776118043532288,1.1753859873973282,-0.6314078483161656,-1.5456294771810628,-1.1035626083776773,-0.06053921447923065,-0.9703171977534804,-0.9600304733619118,-1.152714708372672,-0.9106196006410591,-0.3224709923090102,-1.8502023549307252,-1.4479914155915852,-1.4701544608454746,-0.00837978330540748,0.4992337273112841,0.1509663749860484,-0.549994955274667
-1.3453625017339836,-0.9957814413659413,-1.8870530001513175,-0.6693712588440268,-2.151599267615174,0.9080167278444095,0.20213465926852273,-1.521786075935082,-1.7605276155400595,-3.5153825431283767,-3.0584307200533427,-2.430991180492989,-0.5324634588122786,1.8731417961384795,-1.773815730697219,-2.293815032351003,-1.5079193634165815,-2.0066940035857654,-1.8148237552288105,-2.3192486842601627,-1.8168487291162414,0.755209191853939,-1.5685252936680214,-2.444854061888731
-1.6461592786660242,-0.26182761439683694,-0.09228929001704153,0.8060074615128733,-2.3590603588314782,-0.80965202313676,-0.08265688634034926,-0.11429237265894031,-3.472585608883456,-2.2113971900862217,-2.593540051170742,-1.9761741100949801,-2.121726037311227,0.5334361051569201,-1.0983413121357903,-0.6689198272146105,-3.144338610632415,-2.7375459405216573,-2.3596314059287904,-2.877600065744246,-0.8146428132576752,1.8773011384809295,-1.712839713637904,-1.65510998162207
-2.832189626548801,-0.018125412936896016,-2.3559046023063748,-1.1139237545950806,-2.997488430412352,-1.6673315237191435,-1.091508064126514,1.91865356915085,-2.8953411014696355,-4.341147556284965,-1.3512038782868043,-0.9782079820637526,-1.588035385139846,2.7096158620088038,-0.7845342860876552,-0.79024746319369,-2.8580886636700047,-3.2487968540074954,-2.995546765057621,-2.9055064685482845,0.4764224050794081,2.444227495873165,-1.2872095242736645,-0.28599687745946906
-3.538952427651494,-2.4433607358321896,-2.8066873607539256,-3.0124828931755663,-0.6907344502586836,1.2940169264814056,-0.7295971906167924,-0.607416332698295,-3.2669113220307375,-2.9324648889403715,-3.16389001158431,-3.446354696243649,0.8655523081142631,1.08628862165839,-1.7509078978214543,-1.7358149537443945,-1.8295156337256768,-1.769162132002517,-2.6240764268000927,-3.3179365062282673,1.262006082248887,0.5699661689983663,-1.0291969036504232,0.24485690220902037
0.12232839616267016,-0.009695572182323624,1.3114775906968899,1.0194295045036945,-2.9094396756736756,-1.7063118785458369,-0.8709888982028502,0.3130688466515137,-2.4660030555078616,-2.096281672589298,-1.1199753949567508,-2.3634453408076257,-1.2436453301599764,-0.11333677251445456,-1.262882652196756,-0.7679094815754776,-0.6090027465505466,-0.4734631364492783,-1.4456572775788348,-2.319544312453931,-3.0919497802202502,-1.0502998052427106,-0.4043720860283536,0.20744425590234686
-1.6242534310336556,-1.0231607100435502,-1.4387896360370314,-0.5118793868063409,-2.7345271293190234,0.25960304001671286,0.9639535473105734,0.8033104841739145,-3.9837515059557322,-1.9434757905447904,-3.040893569654565,-1.8390785204933497,-0.021058134230863997,1.8176546601427346,-2.054620029542045,-0.2925145519027792,-1.451696654678876,-0.5898343819647018,-2.4495146783878172,-3.3361543386057586,-1.6572266713279642,-0.20814373732548477,-1.5664456342298279,0.9107797938583301
-3.1879639214050313,-0.6307268352846793,-2.708734980977692,-1.4497254709632936,-2.512971214674721,0.5485757489930142,0.1716706252835333,-0.06797528629504673,-2.969920426813158,-2.585807369114584,-1.3772442439214092,-2.8356228880972933,-0.384054266393674,1.1493278115887244,-1.2119325523110587,-2.250027115429361,-2.204398578805058,-1.3573162810172694,-0.17532356068250454,-1.191134969246912,-1.072162609415865,1.0369367961160731,-1.2684868904593467,-0.7510305347104836
-1.8674427430020368,-2.2307386661750814,-1.621776765323645,-0.5014425045438918,-2.917150875481939,-0.47212389246141007,-0.8808980852186885,-0.44849827719303365,-3.5541286348030825,-1.7782333976127753,-2.9208732791130054,-2.4006607296285365,-0.22110451370785006,0.9438660627602176,-3.2472350245677095,-1.8272500567865597,-1.9660235283445726,-0.6959836756568963,-3.4188492143949585,-3.351442933135283,0.31210075129559195,-0.6873197210007993,-1.0557311353581067,-0.5283645266731376
-2.858610050986244,0.5423413791889365,-3.3709514708508146,-0.04471875156955154,-2.4782476134455003,-1.307738927847818,0.43216099038101247,1.523730872948517,-4.328901281548932,-2.000793935378994,-1.6729104429033417,-1.225274352919034,-0.9396674653657656,1.5650264346813236,-2.422544033920428,-0.9301961040135974,-2.734452825956948,-1.6070402443756524,-0.49979932935144444,-1.033050785735437,-0.1943898425497187,1.2266776304177114,-1.2585642783052997,0.7103298246504636
-1.884956185111195,-0.1404294675702381,-0.8101040261077174,-0.5527097148546489,-2.8201505729653378,-2.273138488376599,0.95226866031254,1.4508633423151187,-2.8388563289420183,-1.8246127630461346,-0.3143281917043518,-1.3789239744337545,-0.15930137596034133,1.7191498584206035,-1.1120644160249769,-1.5214943775463505,-0.6093030455230763,-1.4466693221974325,-2.491783872382703,-1.8870734528718878,-1.2400060827022874,1.0068236939179145,-0.8383868004961235,-0.5929408568542557
-2.9354253223403037,-1.487055522062542,-1.1983567162652995,-2.0573676338536253,-2.360463705380705,-0.14272450682105145,-1.3794418301743048,-1.3732551401240713,-1.3580739073002688,-1.8031861756824326,-0.020990534354038182,-1.0456274108032388,-1.4126243055117909,1.124952102978882,-0.4646243047387107,0.5166434384806913,-1.9045323441332336,-1.6750567850663014,-0.9813185928278336,-2.4945379410207797,-1.443480916050122,1.2785533188216425,-0.6806288445442769,0.3527412186493485
-1.268923191982868,-2.085513017343596,-0.9395676760999029,-0.32034734776814083,-3.5301400278184167,0.11919380939795522,-0.584014352274853,-1.542045033969454,-2.7425123616973535,-1.108010191864396,-0.34201886825736255,-1.7778778364669003,-1.4163226990393594,-0.06682060155492624,-1.3343442708586217,-0.9042187465455891,-3.72797123546178,-1.531153294346237,-1.9370858263977069,-1.9695964505216776,0.6315774471084695,1.553920504153511,-0.6931151315195612,0.319018940021228
-1.7680333156640609,-0.4254347383716524,-3.9537035864379653,-2.8297894471585203,-0.5062881588618517,-0.24657822364496293,0.7790311123535029,0.8354004156600102,-1.933854376160166,-2.6018131335823886,-4.4949165058610285,-3.444297549603502,-0.9521836078239562,2.656334091960577,-2.0823430767327515,-1.908474496492967,-2.7070983421506662,-2.1046407533207274,-2.733008642262606,-2.5417313061445848,-0.7021720579485069,1.9497777408091457,-1.5140479085675234,-0.8178124362278081
-3.500752903419761,-0.4284813213568828,-0.9298487291961448,-1.1160791984885947,-3.536775667321833,-1.9960748510350674,0.8530875692857508,0.032120359682402524,-4.378971596407589,-3.6353166978830234,-4.070832348733668,-3.3362610013871703,-2.168320605689517,1.366618962463618,-2.8253575270567333,-1.397589064928346,-2.767524696239238,-1.3709028388936308,-3.6204126518747155,-3.3332904705116007,-0.9239308351627278,-0.5622412092196724,-3.0336765538707877,0.10705845236136946
-1.1415502370774762,-1.3420883111923674,-2.4407176290637076,-2.8001992124905803,-0.712786451002061,1.7504066419006903,0.44067361799611576,1.1370391991565418,-0.9504553180347021,-1.219206853149829,-2.36828761774408,-2.875211484525181,-1.6447833965327563,0.8159460169324064,-0.2689535591339544,0.27192335000108125,-2.9366151627232253,-1.7711748259631597,-0.7525357589902587,-1.5516799467274507,0.1302350014447558,1.776476799481507,-2.030819729874168,-0.368498563384716
-3.8094030305743156,-0.8243381067538448,-1.44930616632075,-1.521812023829275,-2.0567064425868633,0.8015142836676671,-2.0775900555437024,-0.62323100659322,-1.448739518509227,-1.5658850716295205,-3.1689054419950233,-1.6218075919759842,-2.1492109796304124,-0.6853834520457293,0.330891715678816,-0.044953450726107916,-2.6956492512763957,0.017518817232695893,-3.808542066889224,-4.2452478776217495,-1.2869433625167992,-1.16395291384025,-2.2402710642500536,-0.25664522713088495
-2.406779018817226,-1.1951441996328824,-3.276270473996425,-0.8392207317732632,-0.9704328918372873,1.0483675688914416,-0.04819763997633665,0.755715901693768,-2.2352293251252013,-2.0390446747168967,-1.9780461506503952,-0.3656702589038361,-0.511821187475116,1.0290611031832555,-1.797669046175734,-1.5520670847548454,-0.7257318025375356,-0.5297678633766494,-0.4546396094855473,-2.075989284579615,-2.8296680772979057,-0.9112102021285191,-1.3080261343826136,0.7367353221781883
-2.1232182704453364,-0.13590898121808886,-0.9268870110778054,0.7033023670881322,-2.1272464126809028,0.09640234307377053,-1.0785171562445597,-0.09534773223191786,-3.195352172130474,-2.8800324015921,-3.209647113575725,-3.8330696539550386,-1.9806527099459157,2.4512146957826677,-1.9751614852917942,-1.2221209903361698,-2.5494217074180403,-1.22684081573573,-1.0497207762740457,-2.1342817829540204,-0.7429423443355005,2.590201985411276,-1.2979188187111088,-0.5658295725279144
-2.3915983664524956,0.07445661093251006,-0.8619981830473415,-0.795906474907164,-2.056476227948301,-2.4480635100464228,0.7464380725961173,1.012662677588801,-2.1503170582866793,-0.6144233806815751,-2.5259583060093584,-1.951748724881289,-1.0244604159757846,0.9131909043200521,-0.5572991613966951,-0.500163041353013,-1.3019143980868586,-0.9199724863510482,-1.3880902397278247,-2.647373826595669,-0.5527679472803906,0.5982542102527406,0.6497453197957573,-0.026791939824290095
-3.7599204088654847,-2.8517733056196564,-2.6007504393281846,-1.8924763890880616,0.08935173423268103,1.0089360194770156,1.0203643968541543,-2.352143727075651,-2.7379439463669177,-2.6917501909557,-1.8999395386122746,-2.499535074241079,-0.5492561714208584,2.1565305280000917,-1.254053108801383,-1.4150468298591985,-3.6574656666224,-1.9826743597028895,-2.5853579220742784,-3.5790394491347057,0.31654488035370265,2.0722262771563242,-1.7380221047870368,0.22479462089112423
-1.9453447207314316,-0.03384248974682381,-0.6519080706447794,-0.6395072286279497,-1.4332221648915602,-1.0278750770164942,-0.41658687433234587,0.9299290812549985,-3.5899800914141036,-2.676318861642951,-0.5212093621094385,-2.113551806336856,1.2230560980165017,2.0668265884540884,-2.2090279937403365,-2.297547464202133,-0.48061050192351035,0.4637502333435699,-2.9405883525421195,-3.8456989168828186,-1.0478348638750796,-0.7107480091109619,-0.40321857328413807,-0.3457936540903655
-0.18408038455579515,-0.46369086843468543,-1.0369073661647927,-1.113151564248281,-3.470587796605324,-2.035886895875313,0.6140986152983419,0.4828210999014537,-1.9097092269974383,-1.285957819646371,-0.931916351382236,-1.454839407245879,-0.2348282467040266,0.7889978328315312,-1.2005251526761154,-1.0504821300962102,-3.240527797411514,-0.7807690790000704,-0.6641509110602237,-1.8423941916097875,0.9048698523636299,0.6792539968501983,-1.554755744519301,-0.25210883330338874
-1.3819304731289197,0.24064669893405807,-1.7718782314498338,-1.1274288916234585,-1.6867206887568227,-1.0677892743989457,-1.3501395692268243,1.0128242280060396,-3.414992589206383,-3.192421724254085,-0.8258201545221413,-2.0953434948701837,-2.082130976554343,0.3448962847814049,-1.6569579603916733,-2.941063293948864,-2.55474660949052,-1.3480912447535836,-0.9384956131274105,-2.1871796521984423,-0.41276055348775437,-0.008544744922618659,-1.799037320933889,-0.6933385155923006
-3.1942668685853213,-1.5118650240201095,-1.2080341950533584,-0.20005578016458112,-1.5243149215936251,0.27357382135701297,-1.9533822474873175,-1.7474437840589667,-3.0908339017926405,-1.875951438654391,-2.04887282333071,-2.54845791867601,-1.2594531731421317,0.9008903684871905,-2.2806176999731322,-0.8792372227267178,-2.4500046620737526,-2.0391487114134224,-2.805452750181387,-2.257165965211809,-0.6803309451717838,1.2000654754188296,-2.0878768937469285,-1.811848938465649
-2.756629599713349,-2.033013897061796,-0.3975435954343209,-0.9027271953511461,-3.0995191962904145,0.4489985592352596,-1.5381563924931614,-1.1754527355739461,-3.3520125731209136,-1.9375888968320916,-1.0813331152352044,-1.4620250547759501,-1.3366474024158466,1.4464084412235263,-2.465614448983769,-1.26010009645086,-2.3844613662392296,-1.2674054640401553,-1.5794754225236427,-1.474978769435544,-1.606870999222183,0.9460386091845778,-1.6767050992956993,-0.4456622892313819
-2.2668158636958973,-1.7354024673878368,-0.7349113134621538,-0.9247931432960821,-0.7383840755147232,0.11890066905733186,-0.7286289315110542,-0.8195160085568827,-2.2259933828204574,-2.7611091432581967,-2.6250566418287544,-2.4672643854036864,-0.19633571948183565,1.160984660750996,-0.8799030526910414,-0.1546925243048248,-1.097556063587726,-1.2743163751333033,-2.1605307886894964,-1.751942018255474,-0.7638502555831612,-0.13026434287555785,-0.807013387995937,0.28069904766291753
-1.2978902334236655,-1.418201159975031,-0.9583755942768345,-1.5953598204976474,-0.29840326045889387,2.4043659537142283,1.9494574970196572,-0.05965285562978409,-2.2942211491566717,-2.208898470673838,-1.0162139631120306,-1.5778525532590917,-2.028061387437093,1.6377682006805283,-2.182763398514831,-1.7648351051588806,-0.9918987508919843,-0.6072977750238312,-2.1130868932511913,-2.101195488309167,-0.7232228762517778,1.988347702707194,-1.172276947703803,-0.8949797056873411
0.5496684125999667,0.6923460462110198,0.46727658153145096,1.0540763212475877,-2.8930736969920936,-1.0496945047999038,-0.2720921673943088,-0.3369009212403737,-1.943715068143336,-2.79766617986848,-0.5160802622783733,-1.3868137305533519,-1.0749045889272018,1.855578176806042,-2.055203170422922,-2.752296116555591,-2.7956447502405464,-2.981602658345766,-2.446536719767785,-2.342689531415125,1.363893189507944,1.2857952505398307,-1.128888580788772,-1.425040500404021
-2.5011844767275857,-0.4114651921847647,-0.2783783817647004,0.6229047634904601,-1.8838855199668543,-0.6361116898963558,-1.72966767803147,-1.9594072555593032,-2.970925611731602,-2.1647663568673923,-2.1876780145054155,-2.603598414547048,-1.7732566518491715,1.2579250150259693,-2.309183286444559,-1.5444419466553356,-2.1912339286595004,-1.2219869787231792,-2.0553316357467315,-2.8027244734064753,-2.1479314560005482,0.06923113388394647,-1.2576764358797727,-0.20541896465787104
-2.1899329466726516,-1.0498206669300993,-0.5695172433999732,-1.4379267239594635,-3.0683624377624366,0.4266313120225819,-0.8029092650479849,-0.023033925404975848,-3.6821320251459904,-3.0165280942168535,-1.9692541914217132,-3.2877885146597796,-0.7664261880217118,2.9937278746087137,-1.6171406850602388,-0.9539592037604274,-3.1829543547476695,-2.1188071344740376,-1.6234540012358105,-2.5822349961409974,-0.8271955658014915,1.5326598972320513,-2.54721561638683,-0.6757318220252213
-4.154236012922109,-4.444839894054825,-3.264905913851465,-2.7757331544009896,-2.3739581532463085,2.5236763691520254,-0.4560493275571447,-0.7658001358269586,-4.3268432164400465,-3.543185817752169,-1.5231625958850759,-3.6594050318291544,-2.047688056656452,1.0814827740021657,-2.5117031672768793,-2.1183924882547025,-2.488185750947925,-1.9590807448977055,-3.6925170911472764,-3.2374057041221125,-1.1395865347759058,2.079307541042478,-1.3157943853232485,-2.3333366350838713
-2.619741009462091,-1.942786977411086,-2.499538177597804,-1.6622060185598504,-0.8860111170228919,0.43289179456245497,-1.9475968604150689,-0.6337162583818293,-2.4995853822536023,-2.6523404348948194,-1.6691774452698505,-0.9244703745480364,-1.843585324513498,2.0609826614646245,-0.3517147556359775,0.1669732552232475,-1.1173668996282846,-1.6534581285205192,-2.9114391838486604,-3.0130696888133897,-1.3348690872379645,0.11945294861551621,1.0006337234744727,0.8340824478282037
-1.1606468266181253,-2.6569326917499128,0.22364058081538607,-0.07738849229126563,-1.7533333269043565,1.126103438064591,-0.3342452104160406,-0.6563769753249417,-3.487620363928215,-4.251285853587596,-0.9294291844538228,-2.1731486315529365,-1.2055681833319305,2.707775148405481,-2.549927230991349,-2.2461502163547413,-3.1198251902089873,-2.9913215931794888,-1.4463786817116548,-2.012603987186267,-1.3547646770183013,1.475754195404926,-1.2832847025336576,0.5584402505776286
-3.2927909252061056,-1.0835336616391442,0.3963399259752095,-0.6152533547018829,-1.698437097339025,0.9310138611710049,-2.510902500989246,-0.26910294542276214,-0.5590482542886209,-0.3049055274843693,-0.05848589611625017,-1.109765175785319,-1.3226562256693855,-0.6550758668361666,-2.9673892750231956,-0.8498233376748193,-1.9845223270188947,0.0523030411430988,-2.784145716654703,-2.3912742270573775,-0.6219486750417899,-0.20353139069025614,-1.8382871178268039,0.05587128491426434
-2.9314727513623975,-1.3086228780858524,-2.8862605603551073,-1.8177152823576126,-2.62664306223887,0.14317969274575995,-0.7776577702358656,0.2859138461182507,-3.0601076029153025,-1.5431933974827632,-2.701357863616723,-1.294297456074282,-1.999629318670616,0.9178455673278622,-3.227751752835736,-1.4652612629107746,-2.1828471427089595,-0.58705058329036,-3.0506172665494957,-3.3266571740027375,-0.9698655723680125,0.6486965386656258,-2.296029280663898,-0.8807750556285047
-1.2177667256015794,0.11525284648769739,-2.132397902823915,-0.7013910994260921,-2.035957555727247,-0.6343000693592696,0.5203154839128958,0.7221382940090335,-3.9895472274670807,-3.038759732252109,-2.294633392511199,-2.0706210048657354,1.2032526579630443,2.7037016009606423,-2.099137355350226,-1.1015044179206614,-1.3797824301839037,-1.8418592603572115,-2.0488380792876617,-2.140044164974798,-0.9637478616219256,0.9706472592351628,1.1130739943975816,-1.2282806204938155
-1.7959853275357733,-1.5153400682768483,-0.19880902526867664,-0.8068276737216754,-1.9144348185611433,0.05555794669900344,-0.9639843676479253,-0.11459427699673091,-2.519681145059113,-1.8918335252761025,-3.0902299157448154,-2.53084038074039,-1.1897807288871083,0.6537050205209786,-2.3185217911723033,-0.4006684962675716,-0.8676722760755309,-0.4568646012730908,-1.9189889053496743,-2.441311351441354,-0.44487146491013074,-0.3329560239010206,-1.0495158834040434,0.11239021722908521
-2.490321370129862,-1.3123687767454706,-1.1730590685964792,-0.7438136176522138,-0.8010893063902148,-0.06889024076742997,-1.6988382291616064,-1.0807215654624815,-3.5577179174304012,-2.749827763925167,-2.452355317147991,-1.773405575252874,-0.7936984676935754,0.8112851837753201,-2.01193704567755,-0.12669007868693427,-3.517862555715893,-2.239556336693777,-1.8799701533045137,-2.4402756346496117,-1.7433371054717939,0.7936197389269067,-1.8074907031563157,-0.5254455087285166
-1.9344091843289304,-2.6546530441443377,-1.9094996913714364,-0.7287866281890729,-1.9413071056988933,0.9961788234730679,-0.35134726562150864,-1.0899519452397881,-4.326560633566491,-3.86198560454061,-3.408826565534757,-4.037994223597744,0.3154664731470021,1.9331520489452159,-2.6137077504311694,-3.208356146069215,-2.697198695965974,-2.798138225141406,-1.9636809953147507,-2.41064997075821,-0.28365495212554886,1.170170258035666,-1.6903570055770503,-1.622564856887722
0.029002727341420138,-0.41871417940585925,0.6289417346226326,0.2048441862190144,-2.019650030037593,-0.8048177609743055,1.448148714138447,1.5549824163924693,-2.5984803088847768,-3.047993020393755,-2.392190701955919,-4.699300881521129,0.9024497864920101,2.12273417573215,-1.2847354233217947,-1.5752698903522697,-1.9123580862107838,-0.6494959078413283,-2.501549371717029,-3.9027962725850043,0.35720621692896326,0.49091099203220234,-1.0201841793604531,0.7175597896142013
-3.310935036390571,-2.4326481228392756,-0.7060874824646459,-1.7757548715016749,-3.101462696630499,1.0299866047383084,-0.833094306454862,-1.185958917299934,-3.3635887256083277,-3.6592615023497945,-1.5882235689993704,-2.8552926607974958,-2.8669394251029945,0.910365042843788,-1.5688656051175738,-2.8362062725279187,-3.082926892206779,-3.2281800449160287,-0.6080495197706329,-2.325089183308895,-1.0639879039755324,1.7491296358366588,-1.5592933788991028,-1.8042410647958278
-1.1972775802149322,-2.7274728284025276,-0.24209204876634194,0.046037238208203574,0.6651168351680827,1.4175829500589434,0.8897944586091883,1.1472756622377027,-2.6001442980046514,-1.8944233091497515,-2.275167884966086,-2.9925066046266817,0.10508676638917847,0.8307763107255387,-0.7419709786154245,-0.47685510381111595,-3.4678288828393455,-2.4952201979956428,-2.6150315735124936,-2.878062908072042,-2.0813064570806574,0.47395619321795907,-1.3626396927242452,-0.8886520125049373
-3.7244788109973075,-1.3442579503890815,-2.8052118518847324,-0.65870901537978,-2.1574237384834367,0.9892212206616029,-1.358951619758933,-0.14721520088413487,-4.118329610236832,-2.1985774897808406,-2.935246304511193,-3.233294992124329,2.3486177767354963,1.6631760736905126,-3.031028530478659,-2.333286970060118,-2.224062539419371,-1.6654140869387435,-2.166180329847989,-3.03111070829524,0.4142991599442579,1.4589639552298472,-1.037716353246235,0.10583159322577212
-1.260514770370929,0.11812224865559696,0.1530817361780585,0.996246085611065,-1.9759613066763808,-1.9790609084520216,-1.3239726959034908,0.9423493849024452,-1.1273759188750563,-1.2145025721911273,-0.4465332454981328,-0.8569191681078431,-2.33914550486686,-0.4559557049123789,-2.527139374422472,-1.5885921222855455,-2.9325835790844432,-1.793333167651979,-1.103349523037329,-1.2263208980856708,-1.8951696614493687,-0.3134744843593108,-3.0176645652449676,-1.669056497038512
-1.2081942028276433,0.4907638392228459,-1.569363948411206,-0.43885406439169733,-2.4879730450032542,-1.0348836485208714,-0.053857994503466254,0.7754402524247338,-3.3283820631314853,-1.4421467290581556,-0.8715743258818273,-1.890056625989268,-0.6174622896793054,0.4618852510667359,-1.1635261941331272,-2.0458469002725734,-2.035519693652773,-2.371541933559418,-2.005987458361407,-2.2037915449521313,0.2307906358951341,1.7688196512900942,-0.41131808989420005,-0.3549488713813162
-2.0717520193691232,-0.21960316984244407,-1.323954501804183,-1.9334186999564653,-1.39905368430228,-0.008743297607852682,-0.006197448738695887,-0.029736424875365815,-2.009079346832284,-1.6999778284495786,-1.7632467615611207,-3.484610676718853,-1.3932737082249214,1.0838560302648965,-2.3402485565808058,-2.8899957832124756,-1.95795495831349,-1.1942054823083637,-0.9215089002257457,-2.0842550835770446,-0.17958527600155463,1.2613521238786578,-1.63032063107845,-1.0362575938785863
-2.2431111328422504,-1.8507557757198394,-0.7886000891782962,-0.8450644553623784,-2.1046795344845526,0.36652199435146543,-0.12205345505429986,0.2821243344512676,-2.238021654573003,-3.4040604875662597,-1.8480380360040056,-1.93606951384137,-1.6907992269799985,1.5392231841247417,-1.6302358449944065,-1.0971755192884778,-2.238756827781661,-1.927680695578589,-1.7138810096105088,-2.241573419099003,-0.5883144216101984,1.5853764028781157,-1.6520572475185564,-0.2903660643434872
-2.1146522683487734,-1.6414538926849254,-0.7596776039613296,-1.7396583869242948,-2.520418461820346,-0.47246321444857037,-1.396468380645106,0.124978381501845,-2.820626209292234,-3.4678400700720626,-2.6773545211371355,-3.4262292291009326,-1.9058121199961893,1.5240131920392415,-1.6278742192812012,-0.7713787712414549,-2.615083834340655,-2.018037755309514,-1.5879182361983055,-3.3098061932418354,-0.2528226426363698,2.1818866348309522,-1.334116454766381,-0.9051828624582755
-0.5180892771948397,-1.0197627735978303,-1.823398269454384,0.48245144249949556,-1.3851294674017407,-0.061335304515598585,0.020374558511643402,-0.889650383376393,-2.751276468043668,-2.5503734985402424,-1.158389966566474,-2.024967442963281,-1.0478880812478686,2.297905983604973,-2.3944272680221004,-0.9861227072297122,-2.174361325092403,-0.8411339672128757,-2.8191151607156026,-3.637603145900853,-2.3089987530089546,1.531321550068316,-1.3318258507117726,-0.5060990285460205
-0.7437135999144068,-0.783885306839855,-0.5110644162272914,-0.9526513172972427,-1.3676190667375923,0.34519349327994236,0.17737545694327528,-0.32536719167239936,-1.5723902208898328,-0.04181063813595642,-1.9090704543809693,-2.5924967928703384,0.5187869923599873,0.40804436261466115,-0.4442305482693819,0.820963566931592,-0.3867661255800659,0.4531543874083705,-1.3716778779611105,-2.308738159930239,0.16035798878664526,0.638102772220036,-0.6943667924706961,1.046502197573164
-3.519506999475167,-2.030281333350526,-1.690531144915087,-2.0544367224118623,-1.981863930366,1.0281006821441543,0.5300182730186693,0.15138651234604905,-3.20385350652235,-1.7611309614719484,-2.521306352332914,-3.2091022122390904,-1.6700470051971588,1.9814574586423273,-1.8440559324556247,-0.5644593869862601,-2.9935894237561564,-1.7593524879254314,-1.8974892584086474,-2.9262327206659253,-0.6066824311752919,1.1070505625031244,-1.8958825196376021,0.8659109345120901
-3.2715746001637487,-2.127816893078233,-3.6416715240590913,-0.48500197124975897,-0.6789000329259869,0.6756491590542618,-1.2226659110329434,0.4318524066963936,-1.8104019684363668,-2.626917880320597,-1.5252938890566854,-1.7837618387922518,-2.356914739619242,0.5212710774609793,-0.6237180326460073,-0.13866599078161024,-2.3352373191752682,-1.8322459557628674,-1.6024177047104846,-1.536094143229541,-1.878275758713414,-0.020824555684326146,-1.9200203206624495,-1.3161885538801603
-2.5090218548076892,-0.21747195197821462,-2.3510503732704966,-0.8186410218703475,-2.0992011311411165,-0.6529951475364557,-0.35466339122850316,-0.06876038295530705,-3.9202741084626354,-2.2103376928230962,-2.157619954549141,-1.432755576784138,-0.0657354054480089,1.8600005445322718,-3.033162955435858,-0.3126035567550911,-3.205207386201197,-1.8036126984003902,-2.50656259969033,-2.909323307715276,-0.6348049373920236,1.0300533717464142,-3.0264991444121616,-0.6886136829810258
-3.539412411557692,-0.8264427320965351,-2.2704557945765647,-0.6245809954643137,-2.4012511664600837,-0.7476070634546891,0.7281376232321382,0.6776713585434205,-2.338502502023906,-2.7803398021369556,-0.9185691737048034,-1.794009832166264,-0.8711094680606402,1.7458353910316908,-1.7125389536584752,-2.09154295098424,-1.3637502739346608,-2.2706986530305997,-1.2060318178761404,-2.0565873235503567,-0.21054376183754414,1.164883949091029,-0.9610305876707793,-0.6478309312874683
-3.790442635360467,-1.070484732618798,-2.303105857739954,-0.5410823223241581,-3.1773739538716113,-0.5322533440243066,-2.444981306804034,-1.1627400152903966,-3.1543454708914713,-2.706637298014851,-3.283865650205231,-2.1978161676650574,-1.3920547664409613,2.675081389021254,-2.509247482064266,-2.0322906826261575,-2.7703325531054666,-0.9045910599183348,-2.420140371360245,-2.4334978215817555,-1.1750804601897316,1.146232590236802,-1.2251760881510256,-0.9898232894926685
-1.552891205466537,-2.9399482129948504,-2.1447268318412216,-1.3624885095361405,-2.40992295628074,0.7399446296829845,-0.4751440595838429,-0.1796116759187132,-3.2401540056956946,-4.129470649401174,-1.8198223896296168,-2.042512949274667,0.42381262219054117,2.649459356095112,-1.1595105469587244,-1.258149947307346,-2.809342179790488,-2.852815661803543,-1.5567398151285385,-2.0091187550011482,2.0788436031350073,2.1920827504554956,-0.8522670326698671,-1.3521917449079146
-1.7927452671560078,-0.4413338996907416,-1.943925324103213,-1.2785761461198082,-1.9517061047385267,-1.4024233098892473,-1.281522609296536,-0.3682022047386746,-2.735292678025684,-2.7496465828053767,-1.51812697098885,-1.7231512056954241,-2.0820596914432055,0.9899801722440361,-1.068581419256791,-2.2955886726958163,-2.3195803083436766,-0.7377644084969363,-2.8314484579692327,-3.18972965271888,-2.9718299602710996,0.5613616599993491,-1.1412322087206535,-0.9545917966998684
